duration,class
261,0
149,0
226,0
151,0
307,0
198,0
139,0
217,0
380,0
50,0
55,0
222,0
137,0
293,0
146,0
174,0
312,0
440,0
353,0
195,0
38,0
262,0
342,0
181,0
172,0
99,0
93,0
233,0
255,0
362,0
348,0
386,0
73,0
230,0
208,0
336,0
365,0
1666,0
577,0
137,0
366,0
314,0
160,0
212,0
188,0
22,0
616,0
178,0
355,0
225,0
160,0
266,0
253,0
179,0
269,0
135,0
161,0
787,0
145,0
174,0
449,0
812,0
164,0
366,0
357,0
232,0
91,0
273,0
158,0
177,0
200,0
172,0
176,0
211,0
214,0
1575,1
349,0
337,0
272,0
208,0
193,0
212,0
165,0
1042,1
20,0
246,0
529,0
192,0
1467,1
188,0
180,0
48,0
213,0
545,0
583,0
221,0
426,0
287,0
197,0
257,0
229,0
55,0
400,0
197,0
190,0
21,0
300,0
123,0
293,0
325,0
514,0
849,0
194,0
212,0
337,0
286,0
247,0
518,0
364,0
178,0
98,0
439,0
139,0
79,0
175,0
262,0
61,0
78,0
102,0
579,1
143,0
677,0
267,0
345,0
185,0
207,0
69,0
100,0
125,0
461,1
240,0
70,0
193,0
136,0
73,0
528,0
541,0
338,0
163,0
87,0
301,0
46,0
52,0
204,0
155,0
98,0
71,0
243,0
186,0
579,0
165,0
163,0
46,0
559,0
2033,0
85,0
506,0
114,0
114,0
843,0
181,0
427,0
292,0
192,0
93,0
128,0
107,0
303,0
81,0
270,0
228,0
240,0
673,1
233,0
102,0
461,0
250,0
130,0
252,0
138,0
412,0
179,0
19,0
228,0
55,0
717,0
313,0
289,0
683,0
1077,0
146,0
167,0
356,0
277,0
172,0
218,0
217,0
67,0
291,0
248,0
256,0
286,0
477,0
611,0
471,0
381,0
251,0
408,0
287,0
322,0
216,0
366,0
210,0
288,0
168,0
132,0
64,0
209,0
410,0
177,0
580,0
165,0
127,0
357,0
175,0
300,0
136,0
125,0
189,0
213,0
238,0
124,0
18,0
730,0
40,0
181,0
79,0
142,0
389,0
702,0
151,0
211,0
117,0
232,0
408,0
370,0
179,0
46,0
200,0
50,0
181,0
119,0
361,0
73,0
67,0
350,0
150,0
332,0
611,0
58,0
151,0
89,0
152,0
611,0
110,0
463,0
962,0
102,0
10,0
118,0
92,0
143,0
189,0
75,0
189,0
55,0
935,1
56,0
5,0
225,0
125,0
286,0
206,0
164,0
98,0
446,0
742,0
120,0
122,0
362,0
357,0
200,0
107,0
267,0
248,0
215,0
209,0
205,0
261,0
83,0
106,0
106,0
108,0
214,0
358,0
453,0
364,0
136,0
173,0
241,0
224,0
148,0
230,0
199,0
196,0
111,0
231,0
316,0
240,0
669,0
425,0
121,0
174,0
88,0
313,0
135,0
152,0
402,0
221,0
213,0
144,0
158,0
220,0
325,0
254,0
503,0
680,0
421,0
130,0
164,0
174,0
113,0
195,0
347,0
208,0
404,0
396,0
98,0
229,0
350,0
88,0
379,0
168,0
190,0
158,0
210,0
102,0
306,0
64,0
218,0
77,0
54,0
344,0
195,0
202,0
286,0
278,0
189,0
83,0
18,0
184,0
235,0
290,0
133,0
318,0
437,0
402,0
501,0
1201,1
1030,1
253,0
149,0
144,0
69,0
243,0
769,0
135,0
231,0
442,0
199,0
455,0
152,0
124,0
424,0
43,0
154,0
393,0
203,0
140,0
326,0
483,0
259,0
227,0
673,0
576,0
180,0
90,0
505,0
245,0
186,0
208,0
623,0
180,0
496,0
118,0
102,0
342,0
225,0
185,0
276,0
87,0
744,0
262,0
271,0
141,0
198,0
150,0
241,0
196,0
149,0
264,0
246,0
309,0
140,0
175,0
136,0
1623,1
50,0
101,0
144,0
238,0
354,0
451,0
159,0
170,0
243,0
141,0
112,0
262,0
53,0
134,0
204,0
678,0
182,0
162,0
177,0
27,0
699,0
358,0
1677,1
529,0
310,0
47,0
379,0
30,0
472,0
113,0
114,0
116,0
448,0
264,0
169,0
145,0
288,0
381,0
176,0
215,0
278,0
188,0
174,0
226,0
111,0
157,0
46,0
49,0
374,0
349,0
325,0
233,0
531,0
153,0
80,0
198,0
568,0
918,1
82,0
198,0
211,0
120,0
269,0
128,0
166,0
211,0
369,0
91,0
267,0
198,0
371,0
288,0
221,0
427,0
310,0
158,0
198,0
145,0
247,0
102,0
179,0
73,0
263,0
342,0
41,0
13,0
79,0
358,0
162,0
150,0
26,0
250,0
792,0
146,0
440,0
289,0
242,0
123,0
161,0
268,0
259,0
26,0
153,0
424,0
375,0
179,0
383,0
440,0
195,0
1297,1
217,0
87,0
427,0
189,0
502,0
260,0
209,0
179,0
179,0
69,0
105,0
266,0
87,0
524,0
155,0
162,0
316,0
352,0
695,0
76,0
535,0
310,0
390,0
369,0
112,0
79,0
140,0
315,0
262,0
174,0
424,0
135,0
36,0
1906,0
219,0
135,0
147,0
407,0
402,0
209,0
92,0
208,0
193,0
65,0
284,0
285,0
231,0
278,0
389,0
158,0
78,0
258,0
87,0
147,0
635,0
289,0
170,0
802,0
381,0
218,0
57,0
304,0
241,0
230,0
79,0
262,0
392,0
201,0
145,0
252,0
329,0
328,0
191,0
116,0
246,0
532,0
293,0
416,0
37,0
132,0
530,0
175,0
90,0
524,0
29,0
311,0
412,0
211,0
312,0
392,0
191,0
284,0
328,0
100,0
226,0
507,0
333,0
128,0
322,0
202,0
92,0
205,0
739,0
273,0
339,0
262,0
308,0
467,0
245,0
160,0
189,0
477,0
65,0
191,0
196,0
221,0
197,0
178,0
221,0
64,0
75,0
400,0
378,0
118,0
1597,1
346,0
107,0
60,0
276,0
176,0
390,0
251,0
716,0
189,0
125,0
234,0
79,0
13,0
296,0
114,0
283,0
109,0
132,0
144,0
121,0
95,0
31,0
112,0
161,0
87,0
593,0
99,0
198,0
285,0
190,0
172,0
178,0
174,0
631,0
152,0
176,0
32,0
1529,0
254,0
214,0
147,0
800,0
106,0
135,0
112,0
222,0
314,0
421,0
410,0
207,0
239,0
83,0
160,0
42,0
55,0
157,0
303,0
336,0
233,0
211,0
88,0
139,0
329,0
305,0
206,0
128,0
122,0
343,0
126,0
249,0
59,0
166,0
190,0
216,0
51,0
169,0
148,0
132,0
117,0
275,0
124,0
118,0
479,0
285,0
322,0
202,0
162,0
216,0
195,0
96,0
149,0
720,0
92,0
188,0
70,0
141,0
395,0
629,0
261,0
502,0
446,0
131,0
198,0
312,0
275,0
120,0
333,0
113,0
150,0
91,0
296,0
128,0
298,0
326,0
292,0
215,0
97,0
32,0
162,0
421,0
268,0
232,0
152,0
104,0
852,0
159,0
416,0
174,0
139,0
193,0
294,0
102,0
124,0
143,0
231,0
128,0
74,0
105,0
992,1
168,0
250,0
254,0
149,0
133,0
374,0
425,0
207,0
464,0
439,0
83,0
732,1
149,0
142,0
121,0
359,0
112,0
274,0
325,0
1521,0
216,0
161,0
122,0
800,0
615,0
111,0
359,0
327,0
236,0
227,0
109,0
492,0
298,0
83,0
241,0
1138,1
131,0
123,0
125,0
295,0
287,0
109,0
140,0
52,0
233,0
254,0
255,0
126,0
184,0
591,1
294,0
285,0
173,0
336,0
344,0
786,1
153,0
99,0
243,0
260,0
164,0
255,0
47,0
110,0
463,0
192,0
388,0
221,0
25,0
256,0
104,0
283,0
448,0
127,0
378,0
67,0
221,0
150,0
144,0
296,0
161,0
401,0
435,0
388,0
245,0
143,0
423,0
231,0
181,0
107,0
227,0
69,0
799,0
109,0
127,0
45,0
120,0
68,0
180,0
112,0
444,0
246,0
148,0
223,0
566,0
274,0
49,0
97,0
376,0
421,0
511,0
121,0
157,0
101,0
328,0
19,0
866,0
229,0
154,0
56,0
199,0
117,0
1581,0
185,0
202,0
279,0
180,0
530,0
129,0
60,0
432,0
516,0
617,0
179,0
125,0
262,0
396,0
294,0
171,0
614,0
118,0
485,0
406,0
287,0
216,0
37,0
650,0
590,0
55,0
166,0
371,0
48,0
72,0
55,0
92,0
196,0
96,0
144,0
474,0
559,0
1101,0
229,0
236,0
164,0
93,0
123,0
912,0
209,0
485,0
206,0
239,0
311,0
362,0
274,0
163,0
345,0
329,0
68,0
143,0
214,0
1062,0
258,0
253,0
106,0
688,0
103,0
349,0
170,0
78,0
194,0
126,0
224,0
98,0
252,0
607,0
331,0
398,0
103,0
241,0
803,0
203,0
96,0
238,0
153,0
481,0
119,0
245,0
152,0
418,0
421,0
198,0
175,0
374,0
51,0
263,0
257,0
229,0
154,0
278,0
306,0
114,0
24,0
79,0
169,0
332,0
263,0
353,0
108,0
441,0
46,0
266,0
222,0
1009,0
105,0
381,0
228,0
128,0
550,0
764,0
113,0
396,0
42,0
234,0
50,0
110,0
274,0
191,0
305,0
134,0
112,0
217,0
283,0
353,0
212,0
225,0
283,0
1273,0
1574,1
139,0
62,0
256,0
245,0
161,0
245,0
89,0
591,0
113,0
517,0
193,0
231,0
348,0
299,0
103,0
253,0
73,0
164,0
244,0
191,0
157,0
548,0
114,0
126,0
161,0
333,0
155,0
152,0
145,0
66,0
123,0
74,0
248,0
275,0
984,0
1689,1
84,0
27,0
130,0
489,0
41,0
159,0
276,0
196,0
81,0
865,0
149,0
281,0
122,0
361,0
944,0
319,0
35,0
143,0
22,0
90,0
505,0
17,0
404,0
238,0
71,0
309,0
408,0
157,0
280,0
374,0
365,0
177,0
238,0
31,0
425,0
77,0
223,0
239,0
116,0
308,0
137,0
162,0
134,0
175,0
125,0
211,0
180,0
67,0
196,0
342,0
156,0
813,1
178,0
142,0
194,0
132,0
110,0
109,0
94,0
31,0
220,0
489,0
180,0
314,0
203,0
328,0
207,0
193,0
177,0
528,0
183,0
238,0
61,0
70,0
541,1
41,0
93,0
149,0
35,0
262,0
151,0
135,0
221,0
604,0
86,0
65,0
380,0
11,0
184,0
405,0
20,0
202,0
235,0
75,0
134,0
255,0
462,0
80,0
56,0
418,0
139,0
96,0
39,0
231,0
66,0
204,0
159,0
129,0
200,0
187,0
166,0
144,0
323,0
194,0
82,0
521,0
269,0
285,0
1119,1
294,0
106,0
158,0
152,0
12,0
187,0
268,0
193,0
95,0
60,0
206,0
155,0
216,0
103,0
107,0
219,0
147,0
190,0
339,0
198,0
141,0
255,0
1120,1
369,0
226,0
215,0
306,0
249,0
143,0
162,0
81,0
124,0
124,0
33,0
393,0
784,0
87,0
108,0
207,0
278,0
196,0
149,0
154,0
287,0
229,0
21,0
191,0
147,0
93,0
665,0
131,0
160,0
74,0
60,0
97,0
82,0
475,0
111,0
140,0
110,0
64,0
149,0
156,0
63,0
362,0
712,0
338,0
102,0
446,0
249,0
176,0
1007,0
266,0
172,0
175,0
211,0
237,0
500,0
186,0
96,0
98,0
364,0
477,0
319,0
789,0
513,1
280,0
170,0
365,0
63,0
159,0
177,0
108,0
194,0
366,0
213,0
166,0
141,0
168,0
468,0
180,0
195,0
352,0
91,0
93,0
288,0
218,0
289,0
130,0
208,0
177,0
442,0
101,0
166,0
756,1
342,0
189,0
108,0
178,0
238,0
226,0
136,0
14,0
250,0
161,0
269,0
491,0
44,0
26,0
22,0
293,0
989,0
147,0
1170,0
807,0
347,0
58,0
534,0
155,0
159,0
343,0
152,0
461,0
389,0
90,0
314,0
28,0
30,0
103,0
32,0
252,0
20,0
369,0
116,0
302,0
31,0
190,0
149,0
210,0
180,0
234,0
92,0
2087,1
102,0
193,0
245,0
190,0
223,0
42,0
206,0
242,0
66,0
173,0
477,0
77,0
219,0
205,0
376,0
453,0
151,0
767,0
200,0
298,0
305,0
627,0
242,0
287,0
184,0
119,0
403,0
626,0
12,0
266,0
23,0
154,0
10,0
301,0
240,0
312,0
224,0
202,0
144,0
263,0
543,0
257,0
237,0
23,0
209,0
1178,1
442,0
1120,1
186,0
318,0
617,0
226,0
275,0
81,0
74,0
285,0
261,0
151,0
422,0
159,0
102,0
78,0
15,0
352,0
345,0
230,0
296,0
185,0
181,0
133,0
335,0
139,0
163,0
956,0
166,0
95,0
71,0
191,0
459,0
100,0
233,0
255,0
128,0
56,0
4,0
43,0
210,0
21,0
67,0
219,0
169,0
248,0
223,0
92,0
112,0
205,0
155,0
105,0
112,0
383,0
193,0
207,0
132,0
10,0
985,1
249,0
122,0
300,0
672,0
390,0
116,0
21,0
192,0
8,0
13,0
369,0
393,0
246,0
330,0
91,0
84,0
277,0
399,0
89,0
297,0
111,0
170,0
141,0
886,0
49,0
89,0
341,0
461,0
515,0
123,0
179,0
102,0
272,0
17,0
291,0
209,0
1187,0
89,0
123,0
200,0
104,0
117,0
37,0
51,0
627,0
466,0
101,0
303,0
283,0
826,0
598,0
120,0
185,0
220,0
423,0
337,0
99,0
27,0
160,0
201,0
166,0
182,0
271,0
103,0
379,0
287,0
732,0
126,0
172,0
43,0
109,0
191,0
117,0
64,0
260,0
207,0
128,0
180,0
144,0
110,0
203,0
85,0
211,0
94,0
122,0
175,0
132,0
130,0
208,0
346,0
205,0
218,0
62,0
93,0
85,0
97,0
252,0
286,0
241,0
283,0
380,0
584,0
371,0
274,0
71,0
357,0
617,1
215,0
131,0
188,0
383,0
483,1
847,0
57,0
306,0
147,0
244,0
59,0
24,0
85,0
70,0
21,0
659,0
327,0
267,0
296,0
307,0
120,0
390,0
83,0
772,1
143,0
198,0
100,0
929,1
21,0
254,0
166,0
93,0
217,0
134,0
375,0
352,0
45,0
93,0
165,0
266,0
237,0
410,0
157,0
72,0
171,0
70,0
710,1
131,0
498,0
514,0
127,0
162,0
198,0
705,0
239,0
117,0
155,0
18,0
386,0
138,0
341,0
339,0
232,0
208,0
44,0
75,0
485,0
576,0
280,0
480,0
86,0
121,0
93,0
238,0
399,0
93,0
106,0
123,0
92,0
219,0
2462,0
114,0
1132,1
249,0
210,0
187,0
172,0
122,0
207,0
136,0
117,0
393,0
107,0
25,0
136,0
384,0
38,0
164,0
825,0
331,0
479,0
229,0
258,0
490,0
308,0
137,0
545,0
109,0
257,0
213,0
115,0
646,0
202,0
106,0
95,0
64,0
653,1
186,0
205,0
122,0
377,0
322,0
208,0
46,0
211,0
156,0
471,0
206,0
544,0
143,0
200,0
71,0
324,0
164,0
137,0
87,0
91,0
280,0
230,0
63,0
135,0
261,0
215,0
125,0
391,0
107,0
108,0
145,0
142,0
106,0
134,0
190,0
241,0
180,0
654,1
189,0
70,0
1087,0
62,0
323,0
111,0
197,0
224,0
557,0
150,0
388,0
194,0
57,0
209,0
188,0
342,0
84,0
530,0
97,0
365,0
285,0
352,0
316,0
79,0
331,0
126,0
76,0
1692,1
24,0
73,0
253,0
622,0
133,0
178,0
404,0
275,0
109,0
134,0
225,0
129,0
93,0
20,0
247,0
129,0
324,0
2016,1
1054,0
163,0
279,0
251,0
113,0
193,0
125,0
282,0
344,0
665,1
67,0
167,0
395,0
137,0
118,0
231,0
128,0
174,0
195,0
412,0
127,0
79,0
13,0
61,0
286,0
274,0
409,0
325,0
144,0
1713,0
241,0
338,0
182,0
346,0
204,0
296,0
551,0
663,0
338,0
153,0
188,0
305,0
1080,0
1461,0
116,0
129,0
98,0
262,0
147,0
150,0
282,0
332,0
94,0
455,0
49,0
181,0
345,0
154,0
294,0
750,0
202,0
191,0
106,0
214,0
128,0
70,0
279,0
400,0
231,0
175,0
70,0
179,0
107,0
142,0
119,0
180,0
135,0
213,0
136,0
44,0
229,0
184,0
32,0
73,0
126,0
83,0
379,0
26,0
169,0
179,0
280,0
89,0
210,0
393,0
128,0
161,0
1178,0
182,0
178,0
177,0
191,0
245,0
255,0
488,0
211,0
226,0
460,0
432,0
136,0
176,0
162,0
237,0
134,0
44,0
47,0
483,0
116,0
182,0
122,0
232,0
51,0
260,0
214,0
407,0
389,0
31,0
145,0
115,0
878,0
268,0
277,0
101,0
119,0
185,0
162,0
18,0
317,0
71,0
43,0
298,0
86,0
255,0
83,0
194,0
268,0
97,0
263,0
338,0
180,0
322,0
64,0
71,0
284,0
166,0
210,0
160,0
77,0
328,0
164,0
154,0
155,0
153,0
111,0
91,0
213,0
257,0
315,0
102,0
35,0
83,0
834,0
244,0
143,0
277,0
1534,0
291,0
163,0
149,0
33,0
144,0
146,0
40,0
79,0
112,0
147,0
836,0
290,0
148,0
289,0
345,0
1002,0
181,0
460,1
129,0
76,0
111,0
98,0
221,0
150,0
399,0
139,0
115,0
149,0
327,0
92,0
111,0
192,0
88,0
592,0
105,0
62,0
114,0
59,0
144,0
346,0
57,0
396,0
286,0
59,0
38,0
252,0
566,0
167,0
127,0
71,0
120,0
409,0
117,0
177,0
757,1
145,0
124,0
36,0
94,0
189,0
24,0
33,0
185,0
122,0
225,0
165,0
186,0
405,0
172,0
207,0
325,0
57,0
102,0
164,0
288,0
154,0
102,0
136,0
53,0
744,1
202,0
113,0
130,0
523,0
231,0
217,0
151,0
293,0
281,0
363,0
86,0
1147,0
486,0
49,0
170,0
539,0
66,0
820,0
125,0
398,0
112,0
64,0
255,0
95,0
140,0
788,0
239,0
194,0
165,0
306,0
63,0
501,0
832,0
214,0
283,0
101,0
77,0
290,0
388,0
1111,1
1495,0
322,0
480,0
146,0
393,0
744,0
593,0
215,0
379,0
315,0
162,0
493,0
225,0
208,0
80,0
39,0
132,0
101,0
188,0
386,0
457,0
891,0
53,0
326,0
507,0
1083,0
123,0
1266,0
171,0
160,0
178,0
156,0
200,0
154,0
163,0
391,0
470,0
268,0
793,0
219,0
460,0
246,0
194,0
413,0
574,0
256,0
88,0
146,0
596,0
170,0
139,0
577,0
177,0
335,0
262,0
115,0
136,0
289,0
529,0
247,0
72,0
166,0
320,0
307,0
220,0
241,0
241,0
198,0
98,0
391,0
126,0
55,0
86,0
166,0
66,0
155,0
311,0
63,0
236,0
92,0
253,0
65,0
41,0
163,0
10,0
221,0
484,0
467,0
241,0
248,0
198,0
212,0
115,0
58,0
456,0
145,0
300,0
264,0
184,0
177,0
65,0
299,0
93,0
22,0
170,0
89,0
166,0
128,0
197,0
395,0
220,0
298,0
123,0
334,0
73,0
186,0
78,0
13,0
51,0
303,0
159,0
103,0
95,0
46,0
84,0
344,0
157,0
162,0
249,0
24,0
185,0
212,0
195,0
143,0
68,0
274,0
152,0
325,0
249,0
111,0
81,0
181,0
92,0
85,0
141,0
182,0
530,0
160,0
176,0
134,0
514,0
181,0
504,1
160,0
267,0
907,0
200,0
139,0
147,0
153,0
109,0
97,0
164,0
70,0
71,0
723,0
518,0
147,0
101,0
142,0
1346,1
520,0
611,0
66,0
135,0
276,0
449,0
98,0
105,0
382,0
213,0
116,0
249,0
50,0
138,0
375,0
49,0
178,0
169,0
1386,0
155,0
120,0
203,0
244,0
428,0
53,0
360,0
215,0
500,0
207,0
568,1
270,0
154,0
272,0
229,0
108,0
210,0
383,0
3366,0
259,0
1000,1
618,1
237,0
106,0
351,0
218,0
198,0
284,0
190,0
295,0
106,0
93,0
174,0
124,0
62,0
2231,1
217,0
343,0
227,0
248,0
180,0
117,0
205,0
370,0
427,0
289,0
170,0
705,0
198,0
247,0
226,0
213,0
174,0
166,0
373,0
259,0
340,0
392,0
245,0
136,0
148,0
137,0
456,0
107,0
44,0
118,0
135,0
276,0
150,0
118,0
38,0
232,0
1167,0
39,0
325,0
311,0
147,0
125,0
98,0
93,0
83,0
67,0
77,0
191,0
144,0
20,0
27,0
174,0
260,0
94,0
122,0
334,0
609,0
202,0
262,0
302,0
121,0
202,0
806,0
31,0
21,0
334,0
156,0
92,0
128,0
766,0
162,0
255,0
137,0
189,0
110,0
395,1
135,0
102,0
705,0
192,0
188,0
139,0
131,0
65,0
266,0
76,0
1015,1
122,0
60,0
111,0
683,1
100,0
82,0
470,1
149,0
106,0
127,0
320,0
145,0
129,0
730,0
36,0
521,0
95,0
120,0
349,0
768,0
277,0
289,0
473,0
133,0
129,0
386,0
1001,1
76,0
214,0
355,0
194,0
845,1
208,0
173,0
113,0
109,0
853,0
518,0
124,0
452,0
203,0
813,0
81,0
93,0
119,0
295,0
296,0
916,0
60,0
443,0
225,0
262,0
431,0
358,0
565,0
753,1
103,0
708,0
265,0
255,0
434,0
59,0
305,0
155,0
805,0
242,0
19,0
93,0
211,0
31,0
213,0
104,0
342,0
172,0
160,0
535,0
514,0
276,0
176,0
20,0
161,0
473,0
245,0
144,0
123,0
93,0
188,0
332,0
178,0
318,0
94,0
139,0
152,0
188,0
94,0
54,0
29,0
271,0
95,0
227,0
190,0
60,0
162,0
296,0
125,0
78,0
67,0
93,0
119,0
3,0
297,0
179,0
342,0
420,0
378,0
190,0
354,0
190,0
131,0
367,0
394,0
91,0
280,0
768,0
184,0
43,0
108,0
195,0
109,0
226,0
299,0
192,0
141,0
87,0
169,0
119,0
101,0
210,0
129,0
481,0
215,0
142,0
411,0
93,0
65,0
531,0
34,0
788,0
431,0
851,0
315,0
214,0
92,0
73,0
181,0
159,0
58,0
1052,0
165,0
309,0
163,0
210,0
165,0
331,0
230,0
584,0
134,0
185,0
295,0
86,0
151,0
69,0
15,0
437,0
139,0
267,0
259,0
165,0
566,0
175,0
198,0
220,0
168,0
247,0
291,0
322,0
194,0
379,0
151,0
166,0
64,0
232,0
647,0
322,0
337,0
133,0
50,0
87,0
771,0
205,0
76,0
318,0
109,0
304,0
209,0
271,0
1093,0
326,0
389,0
273,0
264,0
1106,0
195,0
69,0
214,0
87,0
122,0
945,1
288,0
50,0
816,0
284,0
116,0
72,0
232,0
262,0
190,0
1721,1
351,0
166,0
104,0
163,0
492,0
152,0
109,0
384,0
1032,0
128,0
65,0
194,0
360,0
96,0
20,0
323,0
332,0
735,0
151,0
158,0
73,0
407,0
438,0
174,0
175,0
313,0
137,0
22,0
328,0
93,0
97,0
219,0
455,0
103,0
133,0
77,0
211,0
72,0
942,1
89,0
108,0
101,0
305,0
387,0
146,0
160,0
70,0
162,0
117,0
381,0
109,0
476,1
178,0
260,0
231,0
188,0
145,0
163,0
27,0
282,0
73,0
48,0
220,0
606,0
82,0
451,0
202,0
832,1
168,0
230,0
69,0
200,0
170,0
142,0
283,0
421,0
278,0
179,0
238,0
110,0
138,0
218,0
158,0
105,0
106,0
217,0
132,0
824,0
243,0
488,0
148,0
159,0
124,0
452,0
114,0
92,0
125,0
145,0
1328,1
686,0
80,0
265,0
300,0
203,0
71,0
534,0
243,0
230,0
127,0
1125,1
136,0
158,0
267,0
257,0
110,0
477,0
456,0
1321,1
298,0
96,0
483,0
213,0
51,0
44,0
164,0
166,0
220,0
178,0
452,0
858,1
87,0
97,0
122,0
629,1
116,0
120,0
122,0
262,0
179,0
35,0
156,0
201,0
159,0
68,0
75,0
191,0
461,0
188,0
117,0
546,0
171,0
351,0
429,0
249,0
568,0
299,0
282,0
211,0
77,0
283,0
263,0
189,0
91,0
32,0
139,0
347,0
58,0
152,0
869,0
339,0
267,0
34,0
153,0
28,0
216,0
199,0
139,0
322,0
189,0
197,0
224,0
160,0
180,0
191,0
833,0
485,0
57,0
247,0
89,0
849,0
260,0
181,0
125,0
225,0
829,0
749,0
166,0
407,0
182,0
152,0
438,0
387,0
100,0
413,0
191,0
109,0
345,0
1028,1
566,0
38,0
214,0
248,0
246,0
170,0
136,0
98,0
225,0
230,0
364,0
784,0
93,0
57,0
160,0
210,0
222,0
265,0
21,0
157,0
143,0
230,0
117,0
161,0
350,0
155,0
162,0
565,0
44,0
337,0
416,0
102,0
129,0
977,0
138,0
70,0
71,0
251,0
75,0
110,0
230,0
48,0
369,0
136,0
22,0
174,0
378,0
80,0
144,0
380,0
108,0
927,1
389,0
192,0
273,0
48,0
8,0
90,0
221,0
217,0
762,0
302,0
411,0
179,0
245,0
746,0
673,0
220,0
232,0
106,0
115,0
485,0
274,0
106,0
107,0
1044,0
354,0
55,0
180,0
95,0
392,0
331,0
123,0
148,0
74,0
267,0
374,0
295,0
77,0
149,0
668,0
95,0
229,0
286,0
242,0
335,0
140,0
159,0
343,0
85,0
295,0
360,0
183,0
726,0
158,0
514,0
382,0
142,0
301,0
153,0
264,0
161,0
150,0
49,0
326,0
183,0
634,0
339,0
125,0
232,0
312,0
423,0
191,0
248,0
146,0
125,0
234,0
17,0
546,0
554,0
162,0
436,0
302,0
349,0
174,0
180,0
902,0
137,0
282,0
126,0
554,0
21,0
246,0
141,0
427,0
97,0
402,0
252,0
360,0
852,0
241,0
133,0
98,0
574,0
274,0
154,0
122,0
166,0
167,0
91,0
133,0
594,0
86,0
166,0
302,0
303,0
636,0
341,0
483,0
234,0
211,0
738,0
482,0
238,0
370,0
76,0
225,0
256,0
567,0
147,0
135,0
582,0
270,0
52,0
260,0
254,0
1118,0
76,0
79,0
837,0
208,0
245,0
187,0
1423,1
271,0
166,0
256,0
173,0
367,0
227,0
276,0
349,0
856,0
278,0
143,0
249,0
37,0
260,0
323,0
187,0
364,0
211,0
266,0
806,0
159,0
318,0
104,0
747,0
95,0
176,0
179,0
319,0
114,0
170,0
311,0
362,0
86,0
90,0
44,0
1013,0
76,0
90,0
155,0
468,0
226,0
349,0
646,1
148,0
517,0
243,0
391,0
204,0
236,0
112,0
125,0
360,0
312,0
366,0
70,0
230,0
135,0
12,0
65,0
420,0
259,0
192,0
189,0
263,0
415,0
746,1
260,0
71,0
735,0
183,0
75,0
87,0
62,0
139,0
150,0
244,0
367,0
325,0
183,0
552,0
121,0
27,0
157,0
203,0
104,0
153,0
182,0
55,0
644,0
305,0
140,0
180,0
173,0
374,0
240,0
558,0
1088,0
219,0
41,0
436,0
463,0
265,0
234,0
113,0
200,0
158,0
34,0
160,0
504,0
206,0
36,0
139,0
303,0
109,0
90,0
134,0
257,0
241,0
94,0
171,0
178,0
285,0
326,0
451,0
347,0
116,0
1074,1
191,0
77,0
1036,0
303,0
80,0
322,0
111,0
750,0
695,1
435,0
397,0
95,0
208,0
163,0
168,0
161,0
1000,0
112,0
599,0
30,0
165,0
55,0
231,0
191,0
127,0
75,0
106,0
202,0
1257,1
221,0
285,0
106,0
93,0
71,0
290,0
1165,0
164,0
207,0
295,0
187,0
106,0
219,0
236,0
139,0
651,1
124,0
145,0
120,0
734,1
291,0
101,0
417,0
191,0
131,0
97,0
221,0
229,0
104,0
122,0
72,0
186,0
23,0
402,0
37,0
68,0
182,0
587,0
348,0
51,0
176,0
144,0
297,0
203,0
57,0
334,0
217,0
74,0
464,0
738,0
126,0
452,0
203,0
230,0
187,0
920,1
136,0
1244,0
80,0
431,0
500,1
301,0
115,0
30,0
133,0
270,0
218,0
355,0
215,0
299,0
160,0
172,0
49,0
117,0
155,0
477,0
99,0
188,0
200,0
187,0
236,0
50,0
104,0
51,0
51,0
140,0
221,0
98,0
253,0
71,0
127,0
74,0
126,0
122,0
173,0
918,0
544,0
309,0
138,0
73,0
71,0
193,0
198,0
243,0
57,0
49,0
105,0
719,0
98,0
196,0
243,0
344,0
135,0
597,0
168,0
43,0
525,0
122,0
152,0
111,0
133,0
504,0
192,0
164,0
51,0
178,0
99,0
224,0
236,0
815,0
282,0
134,0
318,0
118,0
911,1
238,0
225,0
490,0
89,0
199,0
644,0
286,0
76,0
176,0
422,0
22,0
71,0
465,0
83,0
973,0
56,0
190,0
323,0
113,0
228,0
110,0
84,0
59,0
294,0
21,0
210,0
144,0
251,0
444,0
237,0
399,0
132,0
334,0
387,0
344,0
279,0
484,0
95,0
461,0
30,0
561,0
468,0
920,1
388,0
100,0
1224,1
589,0
160,0
438,0
69,0
964,0
384,0
103,0
52,0
205,0
486,0
1156,1
73,0
523,0
157,0
186,0
73,0
544,0
194,0
420,0
584,0
192,0
155,0
1231,0
619,0
298,0
515,0
21,0
404,0
241,0
302,0
440,0
172,0
319,0
1051,0
276,0
213,0
194,0
276,0
19,0
226,0
546,0
419,0
1867,1
156,0
184,0
548,0
760,0
244,0
328,0
171,0
284,0
1263,1
92,0
17,0
422,0
17,0
301,0
267,0
475,0
770,0
487,0
126,0
114,0
136,0
196,0
129,0
257,0
365,0
697,1
192,0
244,0
118,0
160,0
101,0
56,0
430,0
242,0
809,0
317,0
7,0
493,0
381,0
112,0
523,0
309,0
184,0
850,0
420,0
118,0
71,0
314,0
196,0
151,0
95,0
516,0
855,0
78,0
875,0
124,0
24,0
190,0
53,0
278,0
284,0
262,0
391,0
263,0
214,0
88,0
255,0
202,0
438,0
311,0
426,0
302,0
213,0
214,0
90,0
448,0
70,0
347,0
892,1
320,0
175,0
222,0
98,0
734,0
177,0
65,0
543,0
374,0
241,0
137,0
178,0
297,0
491,0
377,0
84,0
122,0
135,0
246,0
95,0
248,0
336,0
28,0
371,0
329,0
597,0
247,0
343,0
266,0
137,0
159,0
206,0
69,0
228,0
515,1
144,0
29,0
512,0
813,1
247,0
601,0
73,0
144,0
230,0
456,0
75,0
225,0
387,0
286,0
286,0
448,0
223,0
136,0
93,0
212,0
178,0
111,0
803,1
150,0
844,1
297,0
529,0
137,0
676,1
656,0
249,0
88,0
1252,1
228,0
1143,1
283,0
118,0
104,0
103,0
213,0
132,0
122,0
130,0
627,0
207,0
114,0
216,0
250,0
91,0
159,0
147,0
86,0
731,0
37,0
46,0
356,0
248,0
242,0
134,0
274,0
355,0
149,0
346,0
370,0
261,0
63,0
688,1
84,0
125,0
167,0
25,0
244,0
140,0
165,0
122,0
130,0
345,0
42,0
277,0
145,0
214,0
140,0
140,0
132,0
117,0
96,0
803,1
225,0
260,0
754,0
211,0
192,0
203,0
76,0
24,0
171,0
136,0
42,0
343,0
111,0
77,0
268,0
217,0
360,0
241,0
47,0
196,0
601,0
178,0
306,0
362,0
410,0
265,0
108,0
172,0
184,0
424,0
359,0
123,0
787,1
169,0
241,0
141,0
22,0
326,0
317,0
196,0
270,0
107,0
679,0
184,0
576,0
102,0
161,0
206,0
619,1
33,0
27,0
230,0
38,0
322,0
187,0
124,0
1230,1
107,0
379,0
95,0
42,0
197,0
320,0
223,0
912,1
230,0
489,0
98,0
894,1
38,0
323,0
335,0
161,0
410,0
280,0
374,0
193,0
166,0
865,0
258,0
215,0
136,0
299,0
381,0
197,0
412,0
376,0
393,0
56,0
112,0
155,0
703,0
141,0
475,0
121,0
471,0
121,0
177,0
344,0
229,0
404,0
287,0
329,0
433,0
216,0
1340,1
323,0
132,0
199,0
221,0
200,0
897,1
80,0
123,0
90,0
461,0
213,0
193,0
428,0
291,0
136,0
124,0
214,0
239,0
718,0
323,0
94,0
74,0
107,0
97,0
51,0
109,0
225,0
378,0
217,0
136,0
1161,0
467,0
386,0
290,0
168,0
764,0
194,0
16,0
148,0
2680,1
242,0
269,0
208,0
370,0
274,0
326,0
337,0
104,0
788,0
353,0
14,0
698,0
180,0
257,0
467,0
233,0
218,0
304,0
315,0
40,0
698,0
76,0
355,0
557,0
148,0
128,0
130,0
280,0
152,0
283,0
523,0
316,0
1128,0
171,0
174,0
71,0
84,0
221,0
234,0
138,0
339,0
509,0
254,0
243,0
344,0
131,0
251,0
1135,0
1106,0
312,0
292,0
279,0
293,0
198,0
1408,0
827,0
303,0
588,0
680,0
160,0
21,0
251,0
476,0
81,0
4,0
283,0
248,0
541,0
227,0
427,0
148,0
408,0
255,0
236,0
428,0
32,0
851,0
522,0
165,0
1193,1
1144,0
730,0
167,0
1023,0
469,0
385,0
169,0
409,0
165,0
437,0
89,0
261,0
294,0
1245,0
498,0
134,0
230,0
192,0
65,0
237,0
239,0
196,0
243,0
393,0
512,0
218,0
215,0
186,0
299,0
107,0
103,0
297,0
1064,1
90,0
59,0
102,0
1110,0
1187,0
93,0
119,0
65,0
79,0
145,0
39,0
105,0
311,0
179,0
62,0
115,0
134,0
594,0
55,0
92,0
19,0
501,0
114,0
221,0
219,0
221,0
374,0
123,0
166,0
128,0
37,0
35,0
668,0
88,0
77,0
358,0
312,0
134,0
61,0
258,0
131,0
71,0
153,0
131,0
219,0
468,0
326,0
412,0
579,0
277,0
316,0
882,1
380,0
169,0
124,0
122,0
83,0
318,0
29,0
218,0
144,0
130,0
429,0
27,0
343,0
385,0
167,0
89,0
95,0
289,0
156,0
112,0
351,0
198,0
165,0
25,0
134,0
268,0
298,0
188,0
241,0
201,0
27,0
206,0
68,0
82,0
94,0
97,0
138,0
285,0
135,0
483,1
267,0
382,0
55,0
259,0
18,0
234,0
792,0
95,0
943,1
798,0
168,0
84,0
100,0
85,0
143,0
115,0
23,0
73,0
31,0
182,0
190,0
351,0
179,0
237,0
107,0
529,0
36,0
122,0
198,0
67,0
238,0
81,0
496,0
114,0
156,0
211,0
265,0
48,0
104,0
610,0
287,0
68,0
167,0
336,0
202,0
228,0
192,0
23,0
260,0
387,0
70,0
272,0
158,0
35,0
607,1
257,0
36,0
214,0
105,0
260,0
197,0
174,0
144,0
222,0
136,0
546,0
49,0
335,0
105,0
1203,0
1022,1
128,0
258,0
199,0
364,0
123,0
201,0
193,0
159,0
166,0
480,0
149,0
396,0
124,0
13,0
259,0
162,0
723,0
89,0
257,0
361,0
314,0
83,0
215,0
115,0
147,0
102,0
183,0
70,0
19,0
346,0
643,0
78,0
133,0
193,0
181,0
513,0
109,0
263,0
333,0
104,0
191,0
571,0
180,0
446,0
107,0
335,0
120,0
219,0
148,0
400,0
503,0
125,0
329,0
194,0
7,0
53,0
261,0
100,0
104,0
552,1
345,0
263,0
88,0
44,0
207,0
401,0
178,0
53,0
349,0
34,0
48,0
182,0
147,0
457,0
193,0
142,0
123,0
65,0
420,0
100,0
403,0
229,0
445,0
206,0
182,0
183,0
140,0
134,0
88,0
234,0
215,0
194,0
394,0
5,0
408,0
114,0
210,0
243,0
180,0
8,0
313,0
1622,1
324,0
205,0
194,0
165,0
86,0
160,0
492,0
187,0
197,0
95,0
159,0
967,1
260,0
109,0
579,1
124,0
158,0
162,0
211,0
173,0
73,0
220,0
110,0
99,0
112,0
168,0
283,0
235,0
138,0
374,0
353,0
147,0
332,0
179,0
396,0
492,0
360,0
175,0
97,0
84,0
57,0
105,0
886,0
182,0
467,0
21,0
470,0
85,0
120,0
298,0
249,0
87,0
622,0
195,0
179,0
58,0
1218,1
500,0
66,0
328,0
3078,0
21,0
150,0
148,0
102,0
91,0
201,0
70,0
19,0
82,0
59,0
182,0
365,0
257,0
280,0
16,0
249,0
140,0
184,0
20,0
686,0
107,0
224,0
172,0
19,0
125,0
280,0
216,0
109,0
81,0
409,0
146,0
83,0
226,0
191,0
171,0
13,0
133,0
656,0
1205,1
202,0
206,0
202,0
79,0
196,0
186,0
532,0
97,0
234,0
216,0
297,0
1882,1
243,0
98,0
81,0
1334,1
190,0
142,0
775,0
335,0
168,0
68,0
217,0
68,0
119,0
160,0
294,0
57,0
297,0
90,0
600,0
38,0
217,0
142,0
26,0
369,0
29,0
274,0
214,0
24,0
793,0
182,1
71,0
203,0
166,0
167,0
37,0
154,0
394,0
127,0
264,0
231,0
320,0
618,0
101,0
110,0
121,0
85,0
265,0
171,0
345,0
224,0
171,0
67,0
186,0
269,0
115,0
273,0
65,0
434,0
148,0
507,0
253,0
27,0
100,0
116,0
124,0
66,0
233,0
380,0
90,0
258,0
92,0
423,0
215,0
209,0
181,0
201,0
360,0
155,0
81,0
40,0
447,0
137,0
184,0
121,0
138,0
207,0
309,0
134,0
1777,1
284,0
70,0
774,0
62,0
247,0
318,0
277,0
126,0
411,0
85,0
378,0
83,0
71,0
102,0
869,0
208,0
199,0
47,0
253,0
244,0
311,0
177,0
217,0
189,0
152,0
151,0
24,0
212,0
184,0
473,0
485,0
140,0
172,0
77,0
396,0
274,0
88,0
129,0
346,0
474,0
268,0
222,0
139,0
1313,0
72,0
309,0
61,0
246,0
205,0
347,0
381,0
355,0
256,0
211,0
211,0
66,0
1452,0
487,0
610,0
120,0
464,0
547,0
152,0
522,0
227,0
129,0
1376,0
37,0
360,0
51,0
834,0
195,0
106,0
194,0
535,0
182,0
296,0
201,0
281,0
150,0
76,0
79,0
359,0
332,0
592,0
166,0
245,0
138,0
369,0
158,0
261,0
131,0
592,0
412,0
137,0
324,0
266,0
335,0
235,0
697,0
170,0
272,0
1042,0
271,0
378,0
107,0
78,0
383,0
185,0
254,0
107,0
157,0
85,0
249,0
163,0
112,0
188,0
148,0
145,0
415,0
742,0
129,0
37,0
120,0
185,0
1045,1
204,0
205,0
74,0
190,0
325,0
650,1
148,0
38,0
625,0
175,0
134,0
97,0
282,0
304,0
438,0
999,0
127,0
446,0
289,0
217,0
169,0
247,0
140,0
60,0
99,0
26,0
128,0
215,0
64,0
52,0
216,0
292,0
129,0
201,0
210,0
114,0
657,0
88,0
147,0
443,0
73,0
127,0
1063,1
446,0
252,0
80,0
1446,0
144,0
412,0
222,0
29,0
165,0
154,0
202,0
723,0
550,0
130,0
192,0
146,0
239,0
304,0
114,0
139,0
445,0
139,0
16,0
169,0
125,0
266,0
446,0
267,0
6,0
15,0
172,0
94,0
268,0
130,0
70,0
91,0
324,0
465,0
274,0
300,0
191,0
56,0
189,0
236,0
137,0
614,0
363,0
418,0
221,0
96,0
119,0
103,0
10,0
216,0
484,0
485,0
404,0
175,0
138,0
243,0
919,0
203,0
247,0
89,0
185,0
777,0
340,0
110,0
256,0
165,0
54,0
26,0
350,0
226,0
167,0
47,0
214,0
446,0
153,0
181,0
747,0
214,0
270,0
37,0
129,0
72,0
1392,1
441,0
725,0
213,0
177,0
273,0
98,0
480,0
152,0
204,0
117,0
246,0
352,0
190,0
719,1
277,0
315,0
289,0
225,0
408,0
74,0
24,0
369,0
167,0
64,0
151,0
801,1
336,0
59,0
93,0
181,0
86,0
317,0
120,0
388,0
174,0
72,0
126,0
339,0
171,0
162,0
18,0
129,0
938,1
173,0
222,0
692,0
262,0
78,0
134,0
323,0
43,0
245,0
482,0
207,0
56,0
85,0
201,0
353,0
554,0
432,0
27,0
361,0
565,1
162,0
139,0
287,0
147,0
905,1
118,0
91,0
111,0
162,0
236,0
73,0
123,0
298,0
86,0
420,0
139,0
164,0
508,0
139,0
192,0
226,0
783,1
264,0
166,0
27,0
353,0
85,0
1106,0
419,0
603,0
415,0
179,0
872,0
52,0
490,0
63,0
27,0
425,0
12,0
350,0
103,0
210,0
261,0
115,0
641,0
71,0
370,0
958,1
103,0
628,0
232,0
68,0
192,0
494,0
166,0
151,0
204,0
180,0
494,0
530,0
759,0
85,0
445,0
345,0
819,1
16,0
32,0
648,0
29,0
220,0
151,0
290,0
634,0
717,0
249,0
228,0
122,0
544,0
951,0
412,1
264,0
211,0
97,0
192,0
160,0
97,0
244,0
578,0
359,0
190,0
111,0
487,0
396,0
59,0
111,0
502,0
795,1
202,0
135,0
29,0
408,0
136,0
141,0
103,0
171,0
229,0
93,0
61,0
35,0
7,0
51,0
17,0
504,0
726,0
542,0
257,0
112,0
250,0
294,0
303,0
828,1
343,0
206,0
786,0
178,0
509,0
161,0
125,0
159,0
221,0
211,0
68,0
293,0
389,0
240,0
145,0
59,0
39,0
140,0
53,0
44,0
212,0
57,0
45,0
738,0
102,0
161,0
383,0
184,0
122,0
137,0
189,0
88,0
418,0
17,0
233,0
445,0
623,0
260,0
316,0
650,0
207,0
226,0
1307,0
104,0
143,0
187,0
748,0
486,0
492,0
485,0
197,0
304,0
51,0
836,0
394,0
125,0
315,0
506,1
288,0
354,0
154,0
184,0
563,0
450,0
34,0
371,0
518,0
111,0
176,0
196,0
85,0
91,0
172,0
252,0
265,0
899,0
588,0
393,0
857,1
205,0
164,0
178,0
127,0
38,0
127,0
660,0
1681,1
208,0
518,0
316,0
171,0
272,0
143,0
572,0
573,0
244,0
384,0
240,0
269,0
488,0
83,0
100,0
811,0
890,0
159,0
681,1
443,0
1162,0
1697,1
244,0
860,1
295,0
139,0
280,0
86,0
154,0
113,0
83,0
297,0
291,0
394,0
72,0
151,0
312,0
474,0
189,0
91,0
232,0
446,0
153,0
111,0
72,0
559,0
205,0
189,0
237,0
230,0
96,0
162,0
127,0
239,0
222,0
69,0
501,0
192,0
273,0
281,0
175,0
465,0
175,0
87,0
292,0
49,0
198,0
23,0
575,0
67,0
248,0
108,0
373,0
112,0
395,0
229,0
54,0
135,0
357,0
152,0
36,0
206,0
389,0
314,0
66,0
86,0
489,0
85,0
117,0
832,0
149,0
634,0
173,0
151,0
987,0
66,0
139,0
281,0
132,0
369,0
88,0
799,1
671,0
397,0
935,0
189,0
165,0
21,0
234,0
81,0
59,0
233,0
1161,0
265,0
173,0
178,0
203,0
45,0
86,0
254,0
131,0
239,0
207,0
713,0
165,0
260,0
923,1
150,0
155,0
433,0
202,0
227,0
214,0
30,0
206,0
362,0
15,0
315,0
250,0
700,0
154,0
190,0
20,0
191,0
363,0
339,0
521,1
135,0
110,0
142,0
173,0
291,0
293,0
322,0
339,0
304,0
526,0
78,0
219,0
72,0
72,0
42,0
407,0
136,0
158,0
405,0
417,0
48,0
201,0
101,0
214,0
350,0
433,0
253,0
329,0
628,1
110,0
259,0
260,0
363,0
149,0
174,0
83,0
92,0
245,0
260,0
346,0
271,0
203,0
206,0
218,0
621,0
1349,1
385,0
70,0
509,0
128,0
136,0
132,0
3,0
1171,0
107,0
359,0
736,1
217,0
121,0
154,0
98,0
189,0
89,0
412,0
302,0
90,0
145,0
203,0
254,0
230,0
373,0
72,0
534,0
225,0
445,0
193,0
76,0
268,0
154,0
785,1
298,0
286,0
442,0
206,0
1073,1
299,0
162,0
504,0
488,0
190,0
139,0
124,0
425,0
290,0
152,0
168,0
204,0
164,0
322,0
530,0
237,0
360,0
57,0
700,0
601,0
231,0
135,0
86,0
256,0
106,0
134,0
415,0
293,0
816,0
435,0
100,0
297,0
191,0
58,0
152,0
533,0
28,0
63,0
135,0
202,0
181,0
240,0
354,0
210,0
293,0
108,0
223,0
275,0
263,0
600,1
85,0
319,0
242,0
128,0
236,0
67,0
246,0
83,0
391,0
293,0
245,0
924,1
334,0
317,0
134,0
110,0
37,0
188,0
911,0
379,0
206,0
160,0
156,0
314,0
98,0
260,0
78,0
115,0
99,0
95,0
14,0
230,0
438,0
35,0
111,0
463,0
252,0
38,0
127,0
66,0
234,0
691,0
81,0
270,0
153,0
65,0
390,0
249,0
31,0
161,0
369,0
162,0
118,0
397,0
227,0
7,0
465,0
137,0
98,0
665,0
80,0
164,0
145,0
25,0
187,0
76,0
163,0
152,0
27,0
281,0
567,0
284,0
378,0
353,0
83,0
104,0
50,0
536,0
496,0
139,0
122,0
59,0
258,0
110,0
466,0
254,0
250,0
79,0
563,0
147,0
125,0
71,0
556,0
119,0
456,0
268,0
332,0
159,0
148,0
448,0
160,0
240,0
115,0
290,0
140,0
57,0
811,0
221,0
108,0
288,0
1003,0
542,0
541,0
198,0
302,0
268,0
154,0
66,0
216,0
206,0
28,0
101,0
168,0
186,0
472,0
189,0
215,0
216,0
418,0
361,0
926,0
116,0
150,0
228,0
411,0
253,0
144,0
248,0
138,0
824,0
345,0
147,0
773,0
574,0
122,0
193,0
138,0
343,0
111,0
166,0
469,0
189,0
106,0
165,0
178,0
364,0
185,0
224,0
187,0
451,0
226,0
128,0
301,0
97,0
24,0
232,0
893,1
201,0
83,0
339,0
478,0
13,0
242,0
55,0
281,0
210,0
423,0
200,0
109,0
233,0
133,0
209,0
114,0
319,0
588,1
274,0
353,0
83,0
123,0
327,0
167,0
89,0
34,0
208,0
117,0
304,0
82,0
131,0
25,0
76,0
777,1
147,0
243,0
124,0
199,0
488,0
157,0
700,0
281,0
211,0
160,0
138,0
553,0
92,0
247,0
50,0
253,0
153,0
241,0
211,0
493,0
597,1
107,0
1438,0
172,0
159,0
29,0
76,0
185,0
569,0
333,0
95,0
557,0
160,0
209,0
335,0
372,0
92,0
277,0
178,0
85,0
95,0
134,0
138,0
63,0
67,0
77,0
292,0
57,0
38,0
151,0
331,0
1392,1
100,0
358,0
298,0
181,0
188,0
368,0
203,0
61,0
297,0
219,0
129,0
247,0
266,0
559,0
162,0
75,0
82,0
352,0
204,0
1059,1
248,0
82,0
259,0
703,0
100,0
348,0
430,1
146,0
34,0
297,0
22,0
106,0
465,0
104,0
213,0
74,0
245,0
252,0
317,0
93,0
116,0
386,0
283,0
146,0
215,0
90,0
260,0
267,0
107,0
164,0
427,0
1222,0
426,0
456,0
40,0
105,0
98,0
27,0
137,0
100,0
1034,0
320,0
159,0
353,0
331,0
159,0
52,0
117,0
85,0
146,0
49,0
260,0
60,0
193,0
373,0
336,0
200,0
501,0
80,0
299,0
207,0
125,0
237,0
185,0
224,0
183,0
63,0
312,0
188,0
897,0
168,0
322,0
317,0
511,0
155,0
161,0
368,0
247,0
88,0
140,0
31,0
142,0
118,0
158,0
129,0
136,0
122,0
120,0
180,0
702,0
329,0
204,0
120,0
181,0
19,0
460,0
437,0
76,0
226,0
422,0
109,0
219,0
41,0
581,0
131,0
50,0
130,0
194,0
165,0
80,0
470,0
281,0
391,0
24,0
788,1
210,0
367,0
107,0
228,0
135,0
85,0
290,0
153,0
76,0
111,0
168,0
109,0
219,0
14,0
285,0
262,0
96,0
166,0
208,0
483,0
129,0
130,0
754,0
113,0
364,0
258,0
227,0
266,0
232,0
172,0
164,0
167,0
103,0
168,0
297,0
317,0
388,0
62,0
142,0
63,0
212,0
149,0
161,0
165,0
369,0
170,0
974,0
167,0
74,0
96,0
223,0
140,0
396,0
61,0
252,0
379,0
374,0
351,0
262,0
206,0
248,0
166,0
621,1
367,0
116,0
115,0
61,0
142,0
543,1
133,0
52,0
377,0
77,0
200,0
296,0
144,0
473,0
90,0
470,0
302,0
81,0
225,0
252,0
202,0
68,0
745,1
247,0
630,1
16,0
863,0
131,0
265,0
104,0
80,0
90,0
592,0
85,0
153,0
207,0
440,0
127,0
679,1
204,0
269,0
190,0
144,0
112,0
107,0
130,0
167,0
314,0
77,0
407,0
136,0
293,0
97,0
145,0
162,0
105,0
596,0
134,0
108,0
161,0
65,0
188,0
312,0
237,0
130,0
314,0
175,0
87,0
123,0
157,0
204,0
150,0
240,0
109,0
243,0
536,0
120,0
182,0
70,0
45,0
280,0
215,0
147,0
222,0
404,0
1234,1
306,0
506,0
255,0
252,0
127,0
140,0
200,0
642,1
181,0
127,0
171,0
916,0
629,0
155,0
290,0
159,0
111,0
729,0
434,0
218,0
250,0
107,0
272,0
574,0
89,0
133,0
114,0
175,0
257,0
268,0
208,0
895,1
225,0
327,0
99,0
293,0
68,0
124,0
519,0
150,0
504,0
175,0
289,0
16,0
100,0
321,0
239,0
614,0
248,0
93,0
355,0
177,0
245,0
121,0
192,0
110,0
160,0
249,0
147,0
16,0
240,0
131,0
115,0
349,0
114,0
445,0
144,0
341,0
796,0
76,0
126,0
101,0
91,0
52,0
78,0
471,0
724,0
99,0
293,0
333,0
431,1
523,0
470,0
695,0
741,1
151,0
135,0
70,0
472,0
258,0
113,0
372,0
603,0
85,0
76,0
399,0
402,0
129,0
535,0
181,0
48,0
114,0
87,0
169,0
116,0
100,0
212,0
304,0
114,0
102,0
291,0
112,0
207,0
197,0
103,0
45,0
125,0
114,0
414,1
319,0
346,0
157,0
160,0
83,0
97,0
98,0
133,0
451,0
34,0
79,0
109,0
454,0
251,0
122,0
166,0
816,0
87,0
81,0
109,0
375,0
51,0
118,0
178,0
165,0
155,0
173,0
304,0
583,0
138,0
250,0
748,1
14,0
896,1
83,0
543,0
398,0
158,0
365,0
304,0
118,0
469,0
488,0
232,0
764,1
411,0
149,0
63,0
125,0
207,0
84,0
29,0
162,0
159,0
23,0
147,0
90,0
409,0
118,0
175,0
219,0
96,0
76,0
66,0
113,0
232,0
129,0
405,0
251,0
128,0
253,0
245,0
188,0
118,0
140,0
102,0
763,0
97,0
41,0
329,0
51,0
130,0
241,0
308,0
118,0
14,0
125,0
193,0
200,0
349,0
282,0
633,0
560,0
114,0
172,0
292,0
269,0
220,0
376,0
73,0
121,0
59,0
64,0
353,0
322,0
67,0
163,0
99,0
27,0
119,0
148,0
222,0
265,0
214,0
152,0
75,0
62,0
112,0
220,0
204,0
160,0
233,0
129,0
172,0
578,0
183,0
565,0
154,0
125,0
1063,1
111,0
231,0
195,0
125,0
193,0
287,0
277,0
84,0
47,0
285,0
130,0
24,0
955,0
236,0
336,0
150,0
159,0
180,0
163,0
197,0
218,0
34,0
386,0
154,0
159,0
157,0
227,0
116,0
205,0
1205,1
133,0
59,0
229,0
147,0
147,0
179,0
185,0
427,0
171,0
237,0
228,0
269,0
156,0
162,0
674,0
234,0
123,0
275,0
115,0
1051,1
142,0
99,0
340,0
47,0
182,0
260,0
35,0
121,0
143,0
472,0
207,0
597,0
274,0
420,0
532,0
128,0
62,0
185,0
275,0
740,1
111,0
271,0
776,0
90,0
299,0
181,0
330,0
518,0
243,0
472,0
148,0
514,0
388,0
224,0
118,0
255,0
70,0
296,0
550,0
313,0
257,0
243,0
77,0
114,0
73,0
290,0
86,0
126,0
168,0
188,0
106,0
45,0
25,0
114,0
82,0
33,0
322,0
446,0
122,0
121,0
78,0
70,0
213,0
115,0
305,0
19,0
643,0
371,0
363,0
384,0
492,0
222,0
144,0
426,0
181,0
39,0
174,0
293,0
316,0
151,0
132,0
129,0
106,0
68,0
255,0
189,0
173,0
161,0
155,0
72,0
109,0
62,0
137,0
310,0
195,0
470,0
139,0
169,0
223,0
201,0
596,0
253,0
600,0
133,0
43,0
731,1
659,0
112,0
124,0
59,0
121,0
98,0
175,0
202,0
185,0
170,0
184,0
261,0
103,0
190,0
198,0
170,0
235,0
166,0
169,0
125,0
272,0
265,0
233,0
307,0
246,0
290,0
56,0
259,0
375,0
290,0
148,0
174,0
32,0
521,0
537,0
316,0
332,0
35,0
935,1
173,0
144,0
474,0
395,0
313,0
147,0
123,0
395,0
93,0
166,0
410,0
755,0
139,0
145,0
95,0
211,0
193,0
88,0
318,0
405,0
751,1
207,0
95,0
319,0
272,0
142,0
27,0
237,0
193,0
129,0
116,0
99,0
345,0
151,0
376,0
485,0
99,0
210,0
277,0
326,0
305,0
320,0
298,0
125,0
219,0
222,0
513,0
321,0
355,0
240,0
383,0
301,0
367,0
179,0
160,0
177,0
181,0
377,0
240,0
1590,0
125,0
174,0
518,0
280,0
269,0
394,0
280,0
228,0
312,0
709,1
78,0
33,0
212,0
107,0
299,0
140,0
574,0
182,0
318,0
68,0
217,0
211,0
245,0
363,0
347,0
392,0
137,0
749,0
498,0
570,0
142,0
172,0
64,0
267,0
140,0
453,0
198,0
389,0
120,0
146,0
27,0
40,0
92,0
324,0
436,0
59,0
100,0
0,0
93,0
364,0
111,0
466,0
345,0
294,0
241,0
233,0
149,0
304,0
134,0
355,0
953,0
427,0
100,0
121,0
22,0
477,0
30,0
160,0
136,0
305,0
123,0
103,0
8,0
267,0
399,0
315,0
3094,1
64,0
3,0
269,0
159,0
182,0
185,0
359,0
89,0
220,0
179,0
151,0
66,0
135,0
166,0
132,0
141,0
265,0
87,0
452,0
62,0
348,0
354,0
153,0
54,0
89,0
132,0
580,0
99,0
34,0
72,0
99,0
175,0
290,0
591,0
336,0
29,0
266,0
45,0
298,0
1043,0
83,0
282,0
209,0
106,0
157,0
197,0
257,0
42,0
319,0
371,0
383,0
110,0
88,0
97,0
335,0
15,0
4,0
5,0
178,0
256,0
284,0
264,0
124,0
239,0
20,0
15,0
98,0
112,0
350,0
240,0
127,0
157,0
337,0
662,0
124,0
165,0
63,0
101,0
133,0
145,0
110,0
858,1
349,0
371,0
676,0
197,0
235,0
205,0
291,0
132,0
165,0
196,0
177,0
547,0
62,0
398,0
342,0
198,0
77,0
160,0
352,0
112,0
90,0
22,0
230,0
206,0
143,0
102,0
224,0
73,0
42,0
43,0
144,0
1224,0
306,0
50,0
132,0
108,0
265,0
107,0
167,0
145,0
20,0
141,0
346,0
1168,0
17,0
74,0
78,0
125,0
153,0
61,0
318,0
228,0
189,0
121,0
110,0
372,0
223,0
117,0
64,0
507,0
201,0
91,0
230,0
249,0
152,0
551,0
215,0
617,0
332,0
198,0
938,1
385,0
181,0
193,0
195,0
254,0
198,0
79,0
95,0
130,0
190,0
454,0
102,0
185,0
231,0
189,0
132,0
103,0
114,0
176,0
738,0
283,0
224,0
519,0
593,0
128,0
480,0
177,0
102,0
49,0
88,0
124,0
199,0
576,1
58,0
261,0
430,0
674,0
112,0
248,0
350,0
252,0
147,0
141,0
256,0
163,0
125,0
195,0
61,0
95,0
166,0
39,0
861,0
212,0
55,0
209,0
68,0
181,0
136,0
390,0
373,0
44,0
571,0
199,0
582,0
210,0
222,0
217,0
85,0
396,0
58,0
263,0
160,0
94,0
210,0
418,0
64,0
181,0
140,0
171,0
223,0
204,0
52,0
199,0
195,0
139,0
63,0
543,1
154,0
226,0
141,0
165,0
156,0
99,0
297,0
174,0
62,0
221,0
1479,1
104,0
136,0
21,0
72,0
125,0
307,0
154,0
357,0
236,0
202,0
227,0
166,0
143,0
119,0
268,0
507,0
126,0
268,0
386,0
313,0
63,0
87,0
75,0
89,0
96,0
209,0
181,0
173,0
439,0
119,0
713,0
202,0
72,0
78,0
217,0
392,0
188,0
130,0
151,0
211,0
249,0
1210,0
27,0
680,0
206,0
227,0
124,0
66,0
821,0
189,0
352,0
126,0
565,0
615,1
167,0
211,0
742,0
134,0
615,0
143,0
497,0
105,0
213,0
294,0
289,0
461,0
162,0
207,0
185,0
399,0
67,0
85,0
317,0
507,1
1183,1
302,0
344,0
8,0
489,0
328,0
201,0
117,0
226,0
97,0
438,0
174,0
675,0
123,0
257,0
266,0
195,0
145,0
232,0
97,0
91,0
83,0
314,0
694,1
146,0
149,0
591,0
288,0
36,0
191,0
97,0
71,0
275,0
187,0
170,0
177,0
251,0
152,0
463,0
157,0
74,0
179,0
796,1
160,0
272,0
296,0
125,0
81,0
189,0
597,0
61,0
53,0
159,0
198,0
45,0
132,0
664,1
290,0
184,0
51,0
119,0
260,0
68,0
99,0
285,0
247,0
81,0
244,0
227,0
289,0
183,0
100,0
648,1
198,0
536,0
173,0
184,0
282,0
269,0
176,0
347,0
88,0
279,0
294,0
188,0
116,0
60,0
217,0
298,0
864,1
469,0
139,0
80,0
67,0
129,0
89,0
346,0
47,0
244,0
136,0
110,0
433,0
66,0
140,0
89,0
54,0
172,0
72,0
124,0
118,0
24,0
489,0
357,0
84,0
239,0
466,0
383,0
413,0
101,0
344,0
360,0
79,0
314,0
315,0
117,0
229,0
94,0
83,0
338,0
491,0
167,0
258,0
1730,1
83,0
193,0
249,0
629,0
260,0
202,0
471,0
217,0
300,0
94,0
397,0
157,0
238,0
389,0
667,0
376,0
23,0
133,0
251,0
115,0
209,0
124,0
96,0
691,1
87,0
126,0
259,0
330,0
198,0
429,0
545,0
44,0
279,0
136,0
48,0
449,0
362,0
99,0
207,0
297,0
172,0
158,0
180,0
410,0
57,0
424,0
74,0
96,0
109,0
52,0
26,0
506,0
173,0
643,0
77,0
95,0
463,0
25,0
104,0
267,0
64,0
340,0
325,0
528,0
1277,0
363,0
411,0
245,0
160,0
313,0
140,0
25,0
157,0
157,0
386,0
593,0
176,0
189,0
302,0
165,0
48,0
51,0
99,0
452,0
187,0
335,0
110,0
299,0
85,0
234,0
264,0
233,0
239,0
611,0
600,0
478,0
92,0
158,0
198,0
438,0
205,0
342,0
249,0
75,0
225,0
88,0
314,0
109,0
456,0
92,0
223,0
148,0
205,0
80,0
357,0
23,0
513,0
171,0
90,0
55,0
51,0
560,1
245,0
318,0
105,0
261,0
398,0
200,0
267,0
191,0
300,0
82,0
153,0
504,0
104,0
194,0
212,0
122,0
185,0
107,0
87,0
145,0
30,0
585,0
136,0
90,0
146,0
180,0
376,0
619,0
100,0
75,0
93,0
334,0
92,0
750,0
332,0
333,0
118,0
620,0
193,0
138,0
543,1
297,0
144,0
155,0
140,0
42,0
127,0
61,0
267,0
103,0
205,0
54,0
132,0
275,0
203,0
95,0
177,0
179,0
136,0
128,0
184,0
284,0
148,0
244,0
107,0
140,0
217,0
1196,0
78,0
129,0
52,0
41,0
285,0
134,0
14,0
182,0
539,1
37,0
162,0
413,0
184,0
285,0
361,0
74,0
130,0
203,0
186,0
37,0
206,0
230,0
73,0
283,0
44,0
205,0
291,0
159,0
148,0
57,0
733,1
193,0
744,0
84,0
254,0
135,0
23,0
578,0
1093,1
247,0
114,0
119,0
619,0
514,0
337,0
561,0
111,0
418,0
56,0
456,0
109,0
413,0
278,0
791,1
146,0
202,0
73,0
154,0
257,0
199,0
208,0
471,0
360,0
131,0
137,0
155,0
66,0
103,0
656,0
358,0
514,0
27,0
544,0
346,0
134,0
135,0
633,0
48,0
359,0
105,0
746,1
322,0
56,0
315,0
126,0
122,0
144,0
445,0
356,0
144,0
102,0
187,0
329,0
247,0
152,0
49,0
223,0
177,0
77,0
106,0
146,0
125,0
404,0
413,0
177,0
118,0
201,0
609,0
251,0
35,0
473,0
596,0
370,0
691,0
70,0
77,0
212,0
245,0
544,0
117,0
410,0
513,0
179,0
896,0
174,0
365,0
1207,1
158,0
159,0
82,0
180,0
42,0
206,0
92,0
162,0
347,0
117,0
936,0
162,0
126,0
344,0
71,0
178,0
52,0
409,0
272,0
87,0
127,0
202,0
117,0
441,0
175,0
164,0
80,0
932,0
13,0
139,0
879,0
263,0
64,0
440,0
76,0
26,0
455,0
180,0
200,0
535,1
313,0
101,0
473,0
1026,0
364,0
153,0
158,0
617,0
99,0
217,0
129,0
277,0
200,0
105,0
431,0
417,0
480,0
331,0
359,0
332,0
215,0
535,0
147,0
13,0
689,0
242,0
665,0
97,0
166,0
207,0
376,0
480,0
609,0
116,0
484,0
217,0
112,0
726,0
148,0
1047,1
362,0
1059,1
54,0
184,0
253,0
114,0
293,0
246,0
195,0
221,0
166,0
385,0
85,0
173,0
48,0
410,0
311,0
40,0
81,0
558,0
109,0
77,0
70,0
229,0
565,0
145,0
792,1
199,0
488,0
176,0
123,0
88,0
768,0
105,0
101,0
225,0
122,0
52,0
150,0
399,0
58,0
260,0
199,0
241,0
399,0
637,0
107,0
68,0
137,0
182,0
553,0
310,0
206,0
119,0
764,0
29,0
126,0
251,0
188,0
368,0
414,0
128,0
685,0
512,0
102,0
1611,0
44,0
203,0
74,0
118,0
725,0
100,0
124,0
752,0
241,0
430,0
219,0
67,0
294,0
318,0
1185,0
110,0
58,0
386,0
218,0
191,0
84,0
130,0
113,0
744,0
76,0
187,0
587,0
336,0
59,0
72,0
127,0
352,0
347,0
286,0
668,0
29,0
211,0
175,0
55,0
324,0
228,0
128,0
38,0
96,0
18,0
147,0
900,1
135,0
56,0
39,0
144,0
249,0
286,0
384,0
183,0
240,0
238,0
225,0
151,0
194,0
273,0
431,0
57,0
720,0
814,1
859,0
184,0
313,0
142,0
171,0
245,0
238,0
53,0
364,0
191,0
35,0
106,0
382,0
191,0
483,0
253,0
328,0
82,0
155,0
233,0
66,0
1109,1
828,1
134,0
96,0
197,0
645,0
81,0
201,0
248,0
2260,0
91,0
660,0
182,0
30,0
101,0
54,0
374,0
216,0
76,0
73,0
62,0
152,0
86,0
95,0
23,0
25,0
151,0
95,0
52,0
52,0
421,0
322,0
52,0
340,0
139,0
763,0
288,0
231,0
120,0
203,0
67,0
311,0
50,0
86,0
139,0
235,0
43,0
233,0
230,0
177,0
149,0
422,0
121,0
324,0
287,0
58,0
226,0
153,0
151,0
57,0
31,0
118,0
133,0
171,0
62,0
45,0
91,0
172,0
498,0
85,0
224,0
553,1
242,0
192,0
207,0
711,0
160,0
147,0
87,0
199,0
34,0
65,0
150,0
57,0
234,0
521,0
555,0
86,0
204,0
222,0
162,0
648,0
659,0
867,0
96,0
123,0
56,0
54,0
152,0
25,0
120,0
491,0
379,0
343,0
289,0
574,0
85,0
319,0
108,0
762,1
80,0
449,0
198,0
135,0
69,0
55,0
290,1
138,0
135,0
70,0
652,0
327,0
246,0
295,0
255,0
523,0
130,0
103,0
205,0
92,0
107,0
864,1
65,0
556,0
115,0
180,0
87,0
70,0
435,0
132,0
312,0
283,0
182,0
379,0
127,0
126,0
91,0
78,0
417,0
618,1
407,0
160,0
171,0
210,0
135,0
461,0
763,1
682,1
171,0
68,0
120,0
67,0
381,0
278,0
126,0
149,0
95,0
197,0
38,0
201,0
176,0
61,0
275,0
201,0
724,0
143,0
197,0
143,0
153,0
197,0
536,0
120,0
604,1
254,0
121,0
118,0
447,0
854,1
151,0
114,0
855,1
115,0
274,0
100,0
156,0
153,0
264,0
251,0
1269,1
48,0
119,0
104,0
65,0
75,0
157,0
565,0
165,0
314,0
109,0
219,0
60,0
385,0
96,0
868,0
161,0
448,0
137,0
155,0
633,0
58,0
127,0
99,0
170,0
208,0
129,0
134,0
129,0
184,0
371,0
270,0
145,0
136,0
363,0
63,0
143,0
56,0
226,0
35,0
298,0
158,0
47,0
827,0
83,0
570,0
72,0
557,0
59,0
296,0
38,0
170,0
422,0
230,0
141,0
76,0
691,1
238,0
1097,1
111,0
84,0
371,0
103,0
206,0
1500,1
265,0
567,0
254,0
464,0
1236,1
33,0
613,0
1212,0
96,0
171,0
53,0
91,0
185,0
201,0
169,0
515,0
388,0
178,0
422,0
76,0
886,1
296,0
378,0
136,0
58,0
60,0
340,0
522,0
159,0
113,0
123,0
306,0
148,0
322,0
475,0
224,0
88,0
509,0
152,0
147,0
97,0
113,0
465,0
294,0
224,0
58,0
137,0
142,0
312,0
34,0
825,0
116,0
103,0
38,0
168,0
31,0
66,0
512,0
188,0
214,0
65,0
80,0
1980,1
358,0
398,0
62,0
265,0
618,0
256,0
722,1
199,0
510,0
355,0
150,0
159,0
170,0
243,0
140,0
267,0
219,0
67,0
112,0
216,0
167,0
78,0
222,0
363,0
109,0
67,0
41,0
156,0
108,0
408,0
272,0
135,0
107,0
742,0
166,0
376,0
138,0
16,0
984,1
363,0
339,0
161,0
28,0
170,0
66,0
199,0
274,0
136,0
62,0
58,0
189,0
135,0
319,0
352,0
230,0
178,0
42,0
171,0
119,0
66,0
130,0
390,0
101,0
78,0
100,0
212,0
181,0
72,0
390,0
324,0
163,0
110,0
72,0
85,0
54,0
231,0
833,0
124,0
57,0
115,0
78,0
43,0
229,0
81,0
86,0
273,0
30,0
288,0
247,0
85,0
76,0
85,0
170,0
428,0
370,0
137,0
293,0
153,0
281,0
46,0
26,0
104,0
205,0
891,1
34,0
745,1
292,0
135,0
45,0
99,0
148,0
539,1
84,0
3631,1
435,0
29,0
510,0
1044,1
59,0
96,0
122,0
84,0
33,0
43,0
223,0
288,0
306,0
81,0
53,0
436,0
41,0
147,0
81,0
232,0
97,0
82,0
60,0
141,0
206,0
170,0
251,0
25,0
120,0
123,0
58,0
28,0
1193,0
127,0
395,0
72,0
119,0
100,0
80,0
132,0
140,0
130,0
251,0
71,0
52,0
108,0
150,0
25,0
90,0
51,0
361,0
88,0
372,0
360,0
63,0
550,0
133,0
68,0
175,0
202,0
192,0
484,0
230,0
403,0
178,0
502,1
338,0
205,0
92,0
268,0
185,0
163,0
362,0
367,0
230,0
26,0
63,0
493,0
113,0
215,0
947,1
177,0
123,0
1075,0
21,0
114,0
526,1
163,0
245,0
394,1
258,0
659,1
417,0
40,0
527,0
651,0
129,0
409,0
283,0
144,0
97,0
168,0
101,0
67,0
64,0
143,0
70,0
1036,1
384,0
172,0
105,0
60,0
26,0
364,0
227,0
151,0
464,0
68,0
464,0
389,0
185,0
128,0
88,0
136,0
123,0
266,0
466,0
80,0
490,0
232,0
61,0
537,0
197,0
464,0
447,0
164,0
184,0
127,0
373,0
42,0
132,0
579,0
180,0
159,0
66,0
239,0
95,0
156,0
89,0
174,0
59,0
193,0
215,0
563,1
273,0
258,0
223,0
76,0
920,0
152,0
130,0
21,0
118,0
113,0
369,0
122,0
445,0
47,0
425,0
142,0
317,0
184,0
354,0
82,0
105,0
83,0
209,0
53,0
210,0
381,0
112,0
278,0
183,0
389,0
69,0
24,0
143,0
302,0
68,0
183,0
49,0
148,0
481,0
45,0
121,0
180,0
283,0
312,0
147,0
178,0
154,0
326,0
362,0
72,0
121,0
1068,1
101,0
210,0
163,0
306,0
313,0
94,0
658,0
250,0
493,0
23,0
562,0
490,0
140,0
302,0
46,0
149,0
88,0
118,0
230,1
426,0
403,0
169,0
123,0
221,0
169,0
102,0
214,0
572,0
147,0
124,0
105,0
171,0
498,0
50,0
31,0
266,0
163,0
304,0
469,0
45,0
249,0
85,0
79,0
70,0
758,0
466,0
200,0
87,0
966,0
747,1
430,0
241,0
147,0
131,0
541,0
281,0
158,0
201,0
56,0
91,0
187,0
409,0
269,0
221,0
255,0
71,0
184,0
67,0
276,0
41,0
145,0
424,0
612,0
282,0
198,0
76,0
102,0
60,0
252,0
23,0
555,1
200,0
1330,0
157,0
218,0
548,0
176,0
335,0
142,0
267,0
86,0
129,0
322,0
111,0
106,0
136,0
228,0
71,0
29,0
150,0
252,0
518,0
42,0
140,0
144,0
303,0
171,0
132,0
288,0
73,0
230,0
685,0
82,0
345,0
75,0
223,0
479,0
156,0
80,0
204,0
360,0
126,0
148,0
267,0
290,0
136,0
127,0
56,0
777,1
32,0
235,0
91,0
198,0
164,0
98,0
92,0
53,0
349,0
178,0
532,0
164,0
35,0
20,0
154,0
930,0
392,0
213,0
18,0
393,0
746,0
351,0
174,0
142,0
229,0
261,0
289,0
227,0
115,0
178,0
41,0
154,0
100,0
61,0
181,0
205,0
468,0
358,0
442,0
1576,0
83,0
134,0
28,0
92,0
217,0
134,0
222,0
179,0
110,0
444,1
548,0
16,0
213,0
402,0
312,0
280,0
689,0
716,0
43,0
39,0
90,0
194,0
984,0
153,0
59,0
20,0
359,0
605,1
180,0
30,0
94,0
232,0
432,1
152,0
104,0
154,0
70,0
48,0
201,0
182,0
150,0
209,0
86,0
67,0
197,0
87,0
75,0
450,0
174,0
180,0
20,0
179,0
73,0
55,0
222,0
267,0
69,0
200,0
63,0
332,0
542,0
301,0
207,0
115,0
159,0
117,0
159,0
238,0
161,0
1173,1
206,0
438,0
250,0
46,0
147,0
275,0
26,0
963,1
202,0
50,0
236,0
272,0
112,0
384,0
361,0
49,0
953,0
148,0
233,0
409,0
194,0
103,0
579,0
956,1
183,0
117,0
175,0
186,0
23,0
256,0
68,0
157,0
132,0
131,0
43,0
479,0
363,0
56,0
201,0
517,0
447,0
342,0
135,0
119,0
22,0
150,0
110,0
166,0
65,0
404,0
280,0
157,0
170,0
80,0
164,0
34,0
258,0
291,0
126,0
88,0
941,1
349,0
131,0
384,0
440,0
143,0
284,0
161,0
123,0
771,0
103,0
132,0
235,0
1025,1
45,0
21,0
536,0
243,0
131,0
316,0
192,0
145,0
288,0
569,0
23,0
406,0
106,0
393,0
171,0
116,0
25,0
118,0
75,0
54,0
235,0
404,0
179,0
126,0
102,0
110,0
227,0
123,0
194,0
992,1
100,0
303,0
732,1
366,0
228,0
14,0
193,0
409,0
220,0
231,0
242,0
216,0
119,0
41,0
495,0
128,0
185,0
722,0
240,0
455,0
138,0
361,0
418,0
208,0
177,0
249,0
84,0
338,0
299,0
284,0
282,0
435,0
120,0
825,0
51,0
253,0
259,0
237,0
1045,1
110,0
188,0
320,0
231,0
170,0
58,0
615,0
676,0
165,0
192,0
258,0
319,0
860,0
680,0
165,0
356,0
235,0
173,0
294,0
216,0
177,0
220,0
641,0
633,0
94,0
35,0
828,0
35,0
263,0
143,0
108,0
164,0
245,0
43,0
768,1
327,0
215,0
200,0
320,0
801,1
31,0
114,0
236,0
201,0
482,1
133,0
2456,1
171,0
443,0
263,0
94,0
59,0
111,0
72,0
199,0
589,0
199,0
113,0
179,0
215,0
61,0
107,0
242,0
1340,0
13,0
129,0
50,0
406,0
239,0
178,0
81,0
327,0
604,0
137,0
72,0
246,0
199,0
372,0
167,0
30,0
189,0
277,0
215,0
133,0
183,0
134,0
211,0
80,0
220,0
495,0
157,0
81,0
559,0
441,0
14,0
662,0
76,0
230,0
323,0
117,0
176,0
1259,1
380,0
214,0
136,0
350,0
56,0
131,0
113,0
71,0
137,0
497,0
184,0
276,0
68,0
11,0
313,0
397,0
164,0
1363,1
816,0
1030,0
266,0
56,0
143,0
229,0
342,0
340,0
59,0
72,0
599,0
77,0
157,0
199,0
187,0
239,0
246,0
238,0
118,0
254,0
281,0
94,0
269,0
203,0
140,0
148,0
583,0
172,0
60,0
70,0
68,0
267,0
88,0
19,0
490,0
604,0
290,0
78,0
88,0
113,0
550,0
52,0
197,0
235,0
159,0
120,0
1516,0
28,0
87,0
151,0
226,0
113,0
281,0
1336,1
173,0
83,0
180,0
457,0
25,0
145,0
622,0
89,0
99,0
71,0
407,0
250,0
633,1
111,0
462,0
28,0
1138,0
107,0
135,0
96,0
131,0
46,0
267,0
213,0
1242,1
109,0
75,0
129,0
89,0
103,0
105,0
71,0
406,0
66,0
38,0
166,0
67,0
121,0
524,1
1141,1
125,0
18,0
355,0
237,0
299,0
578,1
109,0
142,0
102,0
233,0
194,0
365,0
984,1
16,0
105,0
215,0
148,0
386,0
91,0
98,0
193,0
132,0
279,0
109,0
1045,0
361,0
204,0
83,0
105,0
73,0
77,0
29,0
355,0
153,0
87,0
178,0
174,0
605,0
638,1
89,0
121,0
216,0
83,0
317,0
184,0
161,0
301,0
276,0
182,0
139,0
87,0
377,0
211,0
357,0
119,0
264,0
165,0
148,0
121,0
235,0
90,0
367,0
444,0
141,0
31,0
283,0
767,1
123,0
236,0
936,1
85,0
104,0
71,0
525,1
324,0
525,0
238,0
563,1
217,0
433,0
52,0
149,0
357,0
140,0
171,0
154,0
219,0
1449,1
251,0
544,0
232,0
920,1
79,0
103,0
833,0
97,0
205,0
360,0
344,0
204,0
156,0
213,0
153,0
29,0
15,0
38,0
654,0
1254,0
139,0
81,0
597,0
228,0
763,0
2203,1
61,0
99,0
85,0
187,0
188,0
298,0
113,0
201,0
264,0
23,0
42,0
180,0
95,0
69,0
324,0
144,0
298,0
1224,0
173,0
134,0
245,0
121,0
49,0
606,0
489,0
184,0
106,0
91,0
249,0
92,0
404,0
135,0
37,0
141,0
117,0
174,0
60,0
235,0
285,0
112,0
99,0
132,0
208,0
135,0
179,0
126,0
329,0
126,0
119,0
209,0
192,0
341,0
17,0
167,0
52,0
152,0
84,0
341,0
244,0
423,0
65,0
170,0
87,0
227,0
34,0
169,0
46,0
39,0
282,0
112,0
36,0
69,0
299,0
80,0
729,0
389,0
229,0
624,0
165,0
216,0
122,0
201,0
172,0
79,0
702,0
112,0
65,0
361,0
140,0
382,0
128,0
175,0
147,0
292,0
235,0
156,0
570,0
399,0
222,0
243,0
74,0
243,0
88,0
38,0
379,0
178,0
27,0
80,0
75,0
65,0
168,0
179,0
49,0
25,0
221,0
484,0
119,0
773,0
135,0
169,0
104,0
870,0
400,0
112,0
283,0
56,0
224,0
172,0
636,0
40,0
63,0
396,0
487,0
221,0
116,0
400,0
222,0
78,0
92,0
48,0
97,0
69,0
333,0
78,0
131,0
155,0
397,0
41,0
93,0
133,0
57,0
21,0
47,0
89,0
163,0
86,0
142,0
492,0
327,0
189,0
812,1
73,0
428,0
41,0
202,0
169,0
271,0
232,0
305,0
175,0
67,0
81,0
647,0
910,1
65,0
21,0
292,0
1446,1
463,0
60,0
141,0
60,0
1149,1
179,0
166,0
67,0
263,0
133,0
124,0
331,0
174,0
190,0
409,0
145,0
139,0
247,0
90,0
52,0
170,0
100,0
70,0
89,0
91,0
47,0
52,0
81,0
39,0
225,0
36,0
287,0
627,0
83,0
106,0
166,0
264,0
72,0
452,0
22,0
272,0
152,0
85,0
247,0
508,1
315,0
109,0
414,0
107,0
218,0
285,0
290,0
257,0
267,0
150,0
21,0
108,0
153,0
202,0
60,0
265,0
590,1
126,0
48,0
234,0
53,0
370,0
419,0
355,0
280,0
80,0
222,0
251,0
117,0
237,0
636,1
147,0
83,0
164,0
103,0
280,0
118,0
80,0
127,0
701,1
160,0
57,0
227,0
115,0
267,0
761,1
1053,1
594,0
471,0
227,0
113,0
447,0
215,0
185,0
169,0
18,0
23,0
27,0
348,0
64,0
57,0
71,0
168,0
581,0
346,0
99,0
237,0
52,0
27,0
511,0
201,0
170,0
61,0
256,0
87,0
137,0
245,0
1005,0
20,0
387,0
690,0
1084,0
140,0
400,0
190,0
432,0
82,0
19,0
94,0
34,0
586,0
983,1
221,0
563,0
741,0
40,0
85,0
313,0
128,0
163,0
21,0
17,0
59,0
49,0
138,0
197,0
622,0
339,0
91,0
175,0
817,1
423,0
181,0
49,0
181,0
77,0
318,0
158,0
189,0
127,0
86,0
63,0
517,0
420,0
333,0
26,0
57,0
127,0
272,0
105,0
101,0
152,0
97,0
92,0
337,0
955,0
1018,1
90,0
729,0
159,0
330,0
130,0
94,0
314,0
74,0
193,0
53,0
231,0
353,0
805,0
19,0
131,0
102,0
869,0
65,0
150,0
91,0
144,0
115,0
460,0
561,0
884,1
93,0
989,0
209,0
295,0
319,0
323,0
70,0
110,0
162,0
67,0
18,0
221,0
138,0
60,0
17,0
214,0
650,0
75,0
246,0
718,0
108,0
394,0
27,0
1011,0
204,0
160,0
222,0
240,0
54,0
131,0
18,0
31,0
474,0
173,0
87,0
67,0
246,0
128,0
285,0
69,0
451,0
96,0
172,0
939,0
234,0
240,0
210,0
175,0
182,0
124,0
372,0
406,0
463,0
24,0
127,0
105,0
130,0
42,0
178,0
94,0
82,0
144,0
1072,0
40,0
164,0
190,0
582,0
261,0
215,0
278,0
116,0
188,0
554,1
432,0
118,0
193,0
63,0
246,0
143,0
361,0
453,0
249,0
219,0
126,0
552,0
447,0
339,0
220,0
373,0
26,0
79,0
339,0
18,0
91,0
513,0
84,0
404,0
186,0
123,0
351,0
78,0
399,0
60,0
72,0
19,0
334,0
49,0
50,0
106,0
248,0
101,0
114,0
414,0
266,0
363,0
246,0
431,0
110,0
113,0
237,0
1276,1
1114,0
161,0
189,0
29,0
329,0
420,0
672,0
381,1
80,0
194,0
1994,0
183,0
250,0
81,0
223,0
172,0
100,0
188,0
320,0
64,0
83,0
122,0
51,0
330,0
164,0
272,0
120,0
307,0
377,0
315,0
24,0
386,0
56,0
79,0
30,0
182,0
358,0
42,0
227,0
29,0
52,0
360,0
136,0
106,0
141,0
28,0
862,1
97,0
107,0
94,0
168,0
44,0
260,0
460,1
712,1
1567,0
78,0
262,0
84,0
173,0
175,0
29,0
968,0
219,0
220,0
642,1
71,0
238,0
60,0
165,0
133,0
45,0
136,0
136,0
40,0
383,0
464,0
37,0
189,0
78,0
176,0
181,0
193,0
118,0
217,0
86,0
52,0
185,0
442,0
554,1
247,0
250,0
800,0
216,0
46,0
434,0
250,0
230,0
516,0
153,0
78,0
1041,0
66,0
527,0
100,0
308,0
467,1
341,0
1288,0
178,0
163,0
172,0
301,0
140,0
311,0
212,0
264,0
326,0
319,0
186,0
473,0
274,0
152,0
18,0
13,0
639,0
2653,1
129,0
426,0
229,0
460,0
154,0
252,0
292,0
44,0
384,0
213,0
94,0
72,0
36,0
316,0
217,0
180,0
562,0
422,0
198,0
17,0
174,0
95,0
261,0
144,0
122,0
59,0
334,0
49,0
165,0
59,0
103,0
190,0
187,0
286,0
167,0
52,0
197,0
262,0
168,0
430,0
100,0
48,0
350,0
30,0
213,0
371,0
207,0
24,0
204,0
36,0
139,0
92,0
322,0
420,0
65,0
143,0
102,0
58,0
545,0
190,0
85,0
1085,1
514,0
471,0
94,0
159,0
38,0
191,0
10,0
1330,0
48,0
236,0
503,0
108,0
47,0
319,0
42,0
143,0
82,0
248,0
461,0
313,0
86,0
197,0
80,0
113,0
613,0
201,0
1271,0
155,0
466,0
298,0
119,0
114,0
306,0
162,0
419,0
85,0
73,0
49,0
298,0
250,0
92,0
143,0
151,0
21,0
354,0
63,0
56,0
354,0
161,0
113,0
176,0
431,0
63,0
164,0
81,0
136,0
303,0
158,0
651,0
118,0
280,0
145,0
39,0
82,0
355,0
151,0
59,0
34,0
190,0
124,0
342,0
72,0
207,0
128,0
304,0
42,0
27,0
396,0
520,0
188,0
93,0
70,0
95,0
392,0
25,0
246,0
94,0
197,0
446,0
145,0
100,0
252,0
100,0
1469,1
37,0
112,0
235,0
28,0
34,0
121,0
145,0
61,0
82,0
61,0
152,0
606,0
288,0
135,0
685,1
50,0
119,0
160,0
23,0
222,0
122,0
75,0
103,0
383,0
111,0
26,0
174,0
183,0
61,0
59,0
33,0
31,0
109,0
19,0
68,0
243,0
491,0
127,0
1291,0
221,0
214,0
123,0
74,0
82,0
164,0
256,0
86,0
358,0
349,0
107,0
238,0
38,0
73,0
78,0
832,0
106,0
113,0
529,0
464,0
61,0
108,0
332,0
81,0
112,0
181,0
108,0
226,0
60,0
85,0
202,0
540,0
196,0
52,0
74,0
299,0
311,0
123,0
232,0
65,0
65,0
157,0
216,0
79,0
220,0
152,0
140,0
400,0
163,0
77,0
356,0
117,0
1055,1
772,0
306,0
64,0
139,0
72,0
49,0
287,0
136,0
119,0
422,0
125,0
114,0
99,0
218,0
174,0
168,0
233,0
322,0
443,0
76,0
217,0
257,0
882,1
254,0
83,0
213,0
252,0
36,0
540,0
280,0
683,0
230,0
452,0
149,0
172,0
51,0
35,0
626,0
122,0
63,0
100,0
70,0
255,0
217,0
1098,0
176,0
331,0
901,1
123,0
77,0
91,0
63,0
173,0
128,0
76,0
411,0
179,0
139,0
75,0
210,0
700,1
329,0
225,0
96,0
166,0
186,0
92,0
80,0
67,0
190,0
104,0
174,0
37,0
589,0
183,0
151,0
29,0
186,0
73,0
88,0
522,0
112,0
65,0
149,0
206,0
123,0
378,0
100,0
81,0
175,0
250,0
156,0
173,0
127,0
324,0
198,0
87,0
311,0
313,0
302,0
91,0
47,0
119,0
117,0
142,0
183,0
249,0
274,0
144,0
23,0
128,0
491,1
162,0
213,0
164,0
63,0
79,0
114,0
136,0
97,0
100,0
160,0
240,0
78,0
87,0
940,1
340,0
196,0
85,0
199,0
160,0
166,0
271,0
317,0
98,0
123,0
321,0
78,0
73,0
327,0
411,0
198,0
98,0
24,0
352,0
245,0
559,0
440,0
242,0
479,0
514,0
91,0
78,0
318,0
295,0
83,0
346,0
238,0
291,0
149,0
200,0
290,0
222,0
90,0
171,0
170,0
493,0
188,0
17,0
316,0
398,0
782,0
137,0
419,0
65,0
96,0
223,0
70,0
150,0
559,0
952,1
71,0
152,0
486,1
224,0
152,0
22,0
130,0
135,0
199,0
185,0
220,0
85,0
258,0
108,0
244,0
253,0
306,0
134,0
69,0
175,0
436,0
92,0
155,0
371,0
216,0
243,0
718,0
442,1
184,0
189,0
164,0
166,0
699,0
178,0
553,0
1137,1
100,0
445,0
332,0
61,0
90,0
174,0
204,0
271,0
87,0
330,0
259,0
237,0
116,0
388,0
59,0
329,0
753,0
99,0
42,0
182,0
250,0
511,0
26,0
478,0
579,0
96,0
95,0
126,0
52,0
138,0
94,0
299,0
69,0
44,0
135,0
154,0
80,0
115,0
107,0
308,0
129,0
33,0
296,0
126,0
198,0
73,0
180,0
69,0
76,0
40,0
878,1
54,0
129,0
480,0
583,1
101,0
339,0
27,0
490,0
81,0
399,0
42,0
29,0
75,0
47,0
62,0
484,0
305,0
95,0
893,1
62,0
103,0
204,0
453,0
71,0
91,0
360,0
643,0
29,0
327,0
175,0
109,0
240,0
916,0
363,0
281,0
442,0
196,0
68,0
181,0
88,0
305,0
197,0
133,0
138,0
439,0
232,0
63,0
867,1
587,1
458,0
191,0
64,0
354,0
300,0
105,0
328,0
339,0
561,0
116,0
706,1
261,0
314,0
219,0
139,0
98,0
694,0
68,0
165,0
275,0
153,0
83,0
76,0
79,0
145,0
199,0
158,0
316,0
117,0
288,0
78,0
26,0
100,0
49,0
241,0
95,0
362,0
125,0
91,0
187,0
420,0
115,0
64,0
40,0
113,0
68,0
55,0
62,0
886,0
100,0
61,0
1199,1
140,0
436,0
72,0
119,0
123,0
553,0
320,0
935,1
74,0
81,0
586,1
950,0
159,0
838,1
46,0
473,0
119,0
967,1
33,0
148,0
651,1
437,0
134,0
116,0
143,0
174,0
63,0
340,0
103,0
41,0
247,0
114,0
327,0
110,0
257,0
59,0
113,0
127,0
183,0
142,0
678,0
86,0
96,0
211,0
201,0
105,0
100,0
952,0
181,0
389,0
203,0
450,0
105,0
85,0
203,0
74,0
222,0
30,0
268,0
148,0
427,0
90,0
177,0
328,0
133,0
516,0
204,0
184,0
157,0
319,0
199,0
147,0
394,0
81,0
157,0
375,0
184,0
162,0
47,0
215,0
230,0
105,0
150,0
213,0
126,0
70,0
141,0
111,0
287,0
83,0
124,0
67,0
104,0
904,0
597,0
274,0
124,0
354,0
152,0
328,0
59,0
125,0
158,0
179,0
649,1
26,0
203,0
138,0
107,0
409,0
48,0
83,0
199,0
122,0
218,0
93,0
222,0
378,0
93,0
514,0
89,0
58,0
850,0
307,0
89,0
71,0
52,0
136,0
542,0
265,0
84,0
410,0
93,0
134,0
403,0
36,0
109,0
90,0
305,0
135,0
614,1
781,0
112,0
337,0
423,0
171,0
110,0
138,0
126,0
137,0
125,0
202,0
123,0
49,0
106,0
885,1
112,0
236,0
187,0
108,0
583,0
192,0
149,0
151,0
165,0
92,0
91,0
2025,1
123,0
107,0
406,0
12,0
128,0
146,0
66,0
278,0
753,0
120,0
167,0
48,0
385,0
97,0
651,1
223,0
309,0
155,0
98,0
46,0
252,0
691,0
93,0
315,0
154,0
344,0
128,0
278,0
436,0
189,0
186,0
84,0
264,0
237,0
72,0
77,0
128,0
43,0
64,0
351,0
139,0
119,0
394,0
174,0
62,0
349,0
100,0
56,0
133,0
134,0
113,0
185,0
331,0
167,0
30,0
77,0
136,0
320,0
138,0
10,0
75,0
72,0
993,1
160,0
138,0
122,0
919,0
52,0
80,0
558,0
124,0
73,0
992,1
68,0
98,0
54,0
58,0
81,0
118,0
127,0
309,0
871,0
577,1
582,0
46,0
270,0
317,0
281,0
410,0
186,0
322,0
37,0
283,0
88,0
312,0
1141,1
1268,1
602,0
1178,0
130,0
541,1
226,0
640,0
340,0
230,0
159,0
138,0
773,0
298,0
1618,1
361,0
100,0
124,0
153,0
67,0
462,0
320,0
69,0
71,0
190,0
204,0
85,0
1243,1
130,0
339,0
316,0
166,0
168,0
247,0
243,0
227,0
153,0
122,0
232,0
238,0
211,0
111,0
161,0
188,0
67,0
361,0
454,0
700,0
83,0
247,0
252,0
62,0
559,0
190,0
10,0
189,0
109,0
148,0
107,0
82,0
405,0
103,0
143,0
61,0
424,0
140,0
157,0
157,0
110,0
69,0
513,1
241,0
757,0
68,0
171,0
182,0
270,0
172,0
177,0
119,0
75,0
192,0
686,1
104,0
325,0
33,0
144,0
57,0
184,0
109,0
741,1
349,0
100,0
87,0
95,0
114,0
109,0
1323,1
186,0
187,0
580,0
81,0
253,0
75,0
144,0
276,0
93,0
106,0
90,0
78,0
55,0
204,0
408,0
147,0
287,0
84,0
119,0
133,0
195,0
108,0
92,0
264,0
123,0
73,0
146,0
206,0
100,0
452,0
163,0
69,0
35,0
215,0
96,0
119,0
265,0
60,0
179,0
162,0
227,0
41,0
1093,1
270,0
1395,1
178,0
223,0
35,0
210,0
193,0
822,0
163,0
339,0
140,0
71,0
1238,0
32,0
116,0
64,0
77,0
73,0
42,0
24,0
25,0
147,0
145,0
80,0
35,0
141,0
263,0
123,0
208,0
100,0
91,0
1298,0
644,0
289,0
1089,1
124,0
157,0
226,0
136,0
541,0
242,0
50,0
73,0
250,0
181,0
32,0
235,0
121,0
215,0
320,0
382,0
244,0
286,0
1021,0
167,0
1248,1
179,0
203,0
273,0
209,0
39,0
162,0
418,0
348,0
135,0
131,0
401,0
332,0
78,0
394,0
287,0
266,0
153,0
500,0
298,0
101,0
13,0
66,0
62,0
73,0
50,0
57,0
193,0
599,0
92,0
52,0
92,0
294,0
99,0
76,0
27,0
41,0
191,0
523,0
358,0
254,0
46,0
112,0
51,0
359,0
88,0
342,0
78,0
76,0
721,1
420,0
163,0
41,0
442,0
41,0
535,0
155,0
178,0
36,0
20,0
15,0
170,0
87,0
298,0
244,0
750,1
169,0
139,0
14,0
81,0
220,0
162,0
53,0
131,0
18,0
607,0
111,0
216,0
102,0
431,0
19,0
394,0
301,0
71,0
341,0
54,0
406,0
226,0
168,0
221,0
703,0
119,0
126,0
314,0
182,0
353,0
362,0
75,0
142,0
146,0
345,0
103,0
17,0
2769,1
26,0
141,0
14,0
1009,0
440,0
323,0
80,0
154,0
97,0
368,0
303,0
375,0
77,0
295,0
335,0
69,0
143,0
153,0
83,0
214,0
118,0
638,0
78,0
222,0
78,0
260,0
150,0
49,0
62,0
100,0
138,0
329,0
338,0
331,0
131,0
319,0
315,0
37,0
45,0
33,0
117,0
170,0
104,0
287,0
43,0
345,0
168,0
110,0
193,0
187,0
198,0
256,0
145,0
78,0
285,0
160,0
442,0
183,0
166,0
83,0
128,0
57,0
173,0
145,0
116,0
126,0
83,0
196,0
68,0
75,0
123,0
138,0
98,0
355,0
115,0
147,0
133,0
134,0
60,0
147,0
296,0
70,0
527,0
156,0
187,0
269,0
306,0
556,1
71,0
483,0
382,0
881,0
404,0
218,0
121,0
98,0
243,0
181,0
99,0
139,0
71,0
214,0
198,0
132,0
129,0
491,0
135,0
72,0
285,0
255,0
72,0
241,0
705,0
134,0
483,0
423,0
43,0
23,0
48,0
254,0
34,0
388,0
107,0
135,0
61,0
157,0
82,0
105,0
98,0
189,0
652,0
206,0
174,0
30,0
68,0
174,0
150,0
123,0
64,0
91,0
77,0
78,0
79,0
85,0
139,0
89,0
168,0
436,0
88,0
43,0
156,0
171,0
157,0
130,0
50,0
49,0
120,0
259,0
79,0
321,0
192,0
128,0
108,0
187,0
164,0
67,0
445,0
41,0
344,0
167,0
605,0
226,0
179,0
353,0
34,0
161,0
77,0
346,0
781,1
81,0
269,0
31,0
367,0
229,0
479,0
24,0
16,0
88,0
714,0
205,0
291,0
986,0
279,0
166,0
92,0
254,0
236,0
19,0
93,0
200,0
176,0
1162,0
1848,1
74,0
490,1
291,0
1051,1
614,0
437,0
1199,0
209,0
115,0
292,0
370,0
412,0
108,0
495,0
247,0
57,0
1345,1
107,0
171,0
66,0
447,0
167,0
668,0
204,0
256,0
676,1
170,0
63,0
168,0
133,0
153,0
118,0
117,0
572,0
681,0
59,0
42,0
408,0
127,0
314,0
277,0
140,0
424,0
159,0
775,1
187,0
102,0
2621,1
96,0
167,0
200,0
75,0
249,0
85,0
134,0
50,0
173,0
60,0
320,0
854,0
236,0
183,0
185,0
41,0
39,0
138,0
411,0
394,0
209,0
266,0
134,0
311,0
705,0
89,0
93,0
847,0
675,0
273,0
162,0
213,0
641,0
61,0
136,0
187,0
332,0
76,0
406,0
544,0
363,0
756,0
117,0
76,0
271,0
203,0
338,0
70,0
198,0
398,0
956,0
76,0
264,0
979,0
89,0
135,0
420,0
548,0
235,0
87,0
169,0
343,0
88,0
68,0
77,0
116,0
363,0
116,0
311,0
138,0
48,0
390,0
61,0
65,0
637,0
117,0
128,0
130,0
193,0
269,0
150,0
132,0
1208,0
228,0
585,0
334,0
229,0
441,0
60,0
47,0
235,0
270,0
192,0
26,0
89,0
61,0
386,0
54,0
272,0
35,0
284,0
53,0
311,0
245,0
151,0
64,0
205,0
250,0
66,0
137,0
30,0
72,0
284,0
126,0
120,0
48,0
262,0
1062,0
283,0
295,0
203,0
37,0
18,0
18,0
350,0
190,0
54,0
835,1
421,0
104,0
164,0
89,0
112,0
744,0
503,0
321,0
24,0
102,0
261,0
213,0
371,1
190,0
114,0
221,0
247,0
680,0
185,0
110,0
172,0
156,0
347,0
394,0
573,0
262,0
37,0
72,0
417,0
1528,1
154,0
533,0
122,0
23,0
82,0
55,0
67,0
83,0
311,0
113,0
59,0
551,0
367,0
220,0
15,0
56,0
173,0
97,0
199,0
94,0
15,0
142,0
220,0
417,0
192,0
443,0
115,0
1487,0
68,0
54,0
159,0
335,0
104,0
236,0
300,0
163,0
156,0
103,0
269,0
187,0
41,0
1540,1
310,0
147,0
129,0
208,0
124,0
67,0
1218,0
362,0
973,1
36,0
138,0
132,0
1009,0
55,0
105,0
339,0
355,0
466,0
94,0
227,0
65,0
387,0
379,0
401,0
205,0
332,0
567,0
200,0
537,1
476,0
29,0
290,0
74,0
76,0
26,0
27,0
632,0
316,0
440,0
52,0
59,0
243,0
190,0
81,0
58,0
356,0
320,0
221,0
453,0
345,0
146,0
248,0
324,0
609,0
16,0
392,0
422,0
101,0
577,0
319,0
112,0
308,0
43,0
149,0
36,0
324,0
100,0
209,0
105,0
707,1
119,0
695,1
13,0
1255,1
11,0
255,0
50,0
373,0
18,0
108,0
307,0
142,0
78,0
376,0
155,0
188,0
326,0
443,0
802,0
64,0
36,0
18,0
89,0
359,0
257,0
19,0
404,0
146,0
234,0
13,0
297,0
156,0
636,0
300,0
2093,1
37,0
61,0
793,0
704,1
1195,0
61,0
96,0
1066,1
399,0
140,0
121,0
84,0
87,0
108,0
48,0
129,0
242,0
230,0
37,0
130,0
25,0
57,0
154,0
77,0
127,0
313,0
114,0
119,0
305,0
49,0
429,0
51,0
99,0
771,1
41,0
378,0
152,0
491,0
203,0
90,0
135,0
626,0
16,0
125,0
120,0
16,0
354,0
507,0
18,0
90,0
140,0
15,0
23,0
113,0
249,0
445,0
82,0
1060,1
255,0
55,0
521,0
161,0
340,0
40,0
156,0
375,0
43,0
604,0
1574,1
29,0
102,0
160,0
136,0
82,0
122,0
185,0
147,0
575,0
39,0
675,0
172,0
97,0
394,0
127,0
176,0
37,0
266,0
618,1
297,0
593,0
446,0
340,0
108,0
638,0
45,0
240,0
70,0
64,0
139,0
820,0
149,0
348,0
71,0
168,0
573,0
209,0
446,0
111,0
34,0
197,0
1224,1
144,0
75,0
430,0
32,0
268,0
73,0
203,0
252,0
188,0
395,0
170,0
147,0
127,0
22,0
109,0
677,0
167,0
105,0
57,0
220,0
140,0
1082,0
248,0
11,0
93,0
161,0
653,0
193,0
216,0
291,0
223,0
96,0
477,0
327,0
446,0
159,0
178,0
152,0
169,0
635,0
122,0
136,0
69,0
521,0
201,0
142,0
59,0
66,0
512,1
810,0
138,0
574,0
44,0
145,0
196,0
270,0
252,0
26,0
335,0
89,0
330,0
91,0
361,0
64,0
221,0
84,0
53,0
90,0
141,0
254,0
263,0
212,0
149,0
77,0
374,0
207,0
83,0
289,0
143,0
188,0
106,0
191,0
370,0
487,0
84,0
118,0
56,0
253,0
786,0
239,0
136,0
162,0
219,0
135,0
177,0
252,0
416,0
52,0
32,0
217,0
145,0
93,0
61,0
262,0
246,0
92,0
1318,1
197,0
282,0
922,1
163,0
26,0
63,0
176,0
67,0
605,0
75,0
1411,0
83,0
297,0
2028,1
211,0
453,0
419,0
498,0
202,0
21,0
40,0
148,0
184,0
55,0
952,1
207,0
238,0
318,0
232,0
76,0
153,0
525,0
97,0
216,0
142,0
290,0
280,0
559,0
67,0
235,0
107,0
368,0
74,0
1136,1
359,0
64,0
73,0
16,0
409,0
65,0
69,0
722,0
133,0
288,0
120,0
43,0
78,0
166,0
30,0
10,0
219,0
164,0
148,0
11,0
130,0
208,0
140,0
559,0
224,0
93,0
177,0
405,0
69,0
1017,0
385,0
237,0
237,0
202,0
153,0
163,0
97,0
216,0
399,0
234,0
184,0
155,0
500,1
167,0
89,0
92,0
296,0
563,0
146,0
92,0
149,0
80,0
354,0
106,0
111,0
136,0
549,0
267,0
461,0
60,0
117,0
21,0
104,0
15,0
216,0
211,0
71,0
18,0
225,0
59,0
835,1
683,1
258,0
1012,1
233,0
129,0
91,0
339,0
90,0
112,0
36,0
112,0
9,0
26,0
55,0
2635,0
138,0
49,0
318,0
326,0
53,0
179,0
262,0
168,0
193,0
333,0
241,0
76,0
37,0
189,0
89,0
112,0
489,0
141,0
241,0
60,0
61,0
24,0
62,0
43,0
75,0
177,0
170,0
42,0
22,0
99,0
139,0
394,0
42,0
41,0
98,0
114,0
191,0
167,0
238,0
73,0
206,0
160,0
156,0
512,0
50,0
23,0
106,0
744,0
109,0
99,0
241,0
246,0
59,0
63,0
54,0
87,0
973,1
122,0
375,0
111,0
50,0
35,0
124,0
157,0
45,0
577,0
134,0
325,0
170,0
124,0
111,0
170,0
40,0
368,0
25,0
528,0
41,0
398,0
361,0
493,0
470,0
282,0
48,0
856,1
606,0
74,0
79,0
153,0
1210,1
716,1
513,0
158,0
158,0
139,0
273,0
364,0
218,0
115,0
280,0
109,0
115,0
25,0
75,0
64,0
235,0
95,0
231,0
39,0
21,0
31,0
838,1
64,0
1276,0
27,0
100,0
188,0
141,0
144,0
329,0
45,0
98,0
75,0
41,0
258,0
402,0
60,0
269,0
307,0
485,0
174,0
283,0
1098,1
115,0
351,0
89,0
113,0
471,0
256,0
108,0
48,0
76,0
35,0
375,0
63,0
166,0
123,0
633,0
160,0
326,0
245,0
98,0
37,0
95,0
19,0
374,0
172,0
74,0
174,0
111,0
256,0
38,0
205,0
471,0
168,0
19,0
211,0
534,0
250,0
1149,1
343,0
141,0
1573,1
181,0
232,0
705,1
126,0
237,0
174,0
26,0
109,0
288,0
84,0
73,0
11,0
415,0
44,0
23,0
446,0
1663,1
459,0
398,0
560,1
248,0
124,0
154,0
1617,1
127,0
421,0
591,0
165,0
170,0
618,0
70,0
1478,0
110,0
40,0
570,1
519,0
39,0
14,0
36,0
67,0
825,0
263,0
1422,1
55,0
172,0
553,0
15,0
81,0
150,0
324,0
93,0
62,0
19,0
47,0
16,0
134,0
9,0
176,0
25,0
238,0
17,0
9,0
25,0
14,0
365,0
267,0
11,0
12,0
8,0
55,0
76,0
9,0
13,0
28,0
17,0
47,0
31,0
8,0
8,0
11,0
158,0
81,0
14,0
25,0
9,0
154,0
34,0
264,0
29,0
20,0
13,0
152,0
44,0
29,0
25,0
34,0
10,0
34,0
17,0
14,0
29,0
134,0
17,0
268,0
22,0
82,0
10,0
652,0
16,0
9,0
435,0
10,0
123,0
8,0
16,0
179,0
13,0
14,0
524,0
74,0
23,0
850,0
818,0
126,0
15,0
7,0
49,0
40,0
15,0
4,0
32,0
8,0
12,0
77,0
9,0
17,0
8,0
7,0
11,0
20,0
16,0
26,0
10,0
285,0
39,0
16,0
11,0
37,0
9,0
7,0
205,0
408,0
27,0
376,0
9,0
15,0
46,0
1023,1
253,0
10,0
175,0
220,0
51,0
407,0
10,0
9,0
110,0
11,0
161,0
44,0
13,0
13,0
79,0
212,0
78,0
585,1
8,0
129,0
65,0
9,0
100,0
12,0
86,0
809,1
693,1
8,0
258,0
16,0
27,0
12,0
11,0
155,0
81,0
22,0
116,0
136,0
8,0
10,0
157,0
10,0
11,0
16,0
84,0
10,0
556,1
17,0
804,0
71,0
38,0
241,0
28,0
27,0
11,0
10,0
23,0
43,0
14,0
8,0
372,0
291,1
9,0
29,0
73,0
8,0
14,0
78,0
590,0
100,0
13,0
40,0
18,0
16,0
196,0
74,0
34,0
27,0
13,0
23,0
160,0
14,0
20,0
9,0
287,0
26,0
12,0
13,0
48,0
13,0
9,0
13,0
55,0
10,0
41,0
13,0
7,0
92,0
180,0
1094,1
160,0
101,0
75,0
17,0
184,0
23,0
78,0
13,0
601,0
83,0
169,0
13,0
31,0
294,0
36,0
55,0
15,0
87,0
17,0
30,0
38,0
39,0
61,0
63,0
45,0
25,0
42,0
23,0
252,0
24,0
152,0
33,0
31,0
236,0
20,0
14,0
21,0
13,0
39,0
16,0
37,0
47,0
34,0
250,0
221,0
216,0
21,0
14,0
94,0
709,0
8,0
43,0
111,0
38,0
19,0
274,0
819,0
16,0
19,0
247,0
27,0
23,0
12,0
375,0
10,0
21,0
14,0
11,0
9,0
109,0
21,0
7,0
18,0
13,0
24,0
61,0
6,0
114,0
11,0
44,0
24,0
10,0
197,0
26,0
185,0
18,0
61,0
20,0
8,0
15,0
39,0
28,0
7,0
48,0
18,0
35,0
13,0
22,0
18,0
83,0
11,0
447,0
18,0
17,0
492,0
36,0
34,0
11,0
9,0
9,0
11,0
12,0
10,0
86,0
46,0
32,0
32,0
36,0
124,0
15,0
9,0
10,0
52,0
145,0
8,0
12,0
16,0
44,0
22,0
60,0
13,0
51,0
41,0
20,0
53,0
9,0
202,0
310,0
204,0
638,0
924,1
298,0
988,1
123,0
85,0
498,1
670,1
82,0
72,0
53,0
123,0
364,0
655,0
88,0
640,0
339,0
662,1
25,0
216,0
165,0
137,0
62,0
56,0
790,0
363,0
481,0
32,0
183,0
214,0
146,0
528,1
351,0
51,0
103,0
89,0
347,0
372,0
411,0
151,0
157,0
43,0
75,0
249,0
268,0
333,0
155,0
247,0
100,0
67,0
162,0
93,0
231,0
67,0
168,0
71,0
151,0
91,0
292,0
281,0
375,0
168,0
456,0
103,0
305,0
91,0
650,0
178,0
465,0
626,0
322,0
177,0
519,1
271,0
677,1
138,0
215,0
318,0
253,0
344,0
301,0
197,0
71,0
190,0
116,0
93,0
29,0
133,0
150,0
150,0
182,0
277,0
176,0
762,1
179,0
105,0
565,0
138,0
667,0
3183,1
406,0
243,0
110,0
113,0
174,0
529,0
45,0
75,0
122,0
422,1
381,0
856,1
97,0
59,0
198,0
80,0
433,0
159,0
513,0
207,0
120,0
121,0
95,0
213,0
111,0
302,0
212,0
911,1
154,0
181,0
32,0
392,0
124,0
162,0
634,0
79,0
148,0
103,0
141,0
244,0
250,0
140,0
133,0
191,0
216,0
269,0
139,0
397,0
76,0
244,0
135,0
131,0
102,0
326,0
153,0
151,0
349,0
291,0
185,0
169,0
281,0
114,0
183,0
293,0
111,0
56,0
101,0
247,0
125,0
322,0
182,0
117,0
198,0
123,0
45,0
85,0
146,0
93,0
103,0
54,0
27,0
117,0
124,0
165,0
141,0
138,0
385,0
266,0
50,0
203,0
118,0
780,0
98,0
202,0
158,0
224,0
73,0
111,0
444,0
69,0
88,0
104,0
252,0
1049,1
132,0
260,0
450,0
381,0
158,0
479,1
281,0
128,0
471,0
58,0
108,0
140,0
54,0
249,0
102,0
215,0
34,0
161,0
428,0
157,0
242,0
117,0
80,0
36,0
89,0
173,0
150,0
292,0
183,0
200,0
150,0
304,0
163,0
122,0
426,0
55,0
86,0
359,0
305,0
110,0
92,0
86,0
102,0
39,0
340,0
125,0
529,0
196,0
484,0
56,0
245,0
156,0
221,0
1992,0
143,0
157,0
420,0
1135,1
289,0
307,0
723,0
650,1
660,0
63,0
96,0
218,0
220,0
144,0
97,0
32,0
44,0
79,0
306,0
71,0
348,0
144,0
203,0
106,0
372,0
60,0
134,0
108,0
33,0
957,0
83,0
343,0
158,0
269,0
269,0
375,0
202,0
149,0
111,0
188,0
211,0
24,0
109,0
472,0
452,0
269,0
206,0
228,0
183,0
267,0
414,0
60,0
95,0
85,0
125,0
256,0
172,0
84,0
412,0
88,0
130,0
115,0
168,0
197,0
154,0
90,0
51,0
89,0
108,0
97,0
203,0
203,0
88,0
88,0
42,0
991,0
676,1
652,0
178,0
306,0
354,0
100,0
501,0
93,0
504,0
381,0
251,0
515,0
389,0
155,0
135,0
74,0
225,0
172,0
202,0
155,0
277,0
746,0
167,0
194,0
385,0
124,0
121,0
566,0
257,0
111,0
270,0
43,0
433,0
523,0
49,0
191,0
634,0
355,0
31,0
52,0
64,0
99,0
133,0
169,0
68,0
30,0
246,0
219,0
165,0
105,0
217,0
538,0
164,0
5,0
46,0
64,0
105,0
253,0
584,1
260,0
126,0
121,0
101,0
195,0
400,0
178,0
134,0
80,0
104,0
742,0
692,0
85,0
678,0
96,0
106,0
137,0
53,0
89,0
45,0
203,0
407,0
225,0
426,0
61,0
286,0
1576,0
468,0
150,0
178,0
327,0
212,0
235,0
333,0
297,0
668,0
65,0
436,0
1044,0
141,0
39,0
165,0
135,0
53,0
138,0
548,0
95,0
273,0
304,0
425,0
64,0
276,0
92,0
407,0
339,0
92,0
135,0
107,0
148,0
125,0
151,0
491,1
494,1
181,0
615,1
99,0
518,0
164,0
397,0
17,0
148,0
128,0
160,0
89,0
181,0
111,0
119,0
227,0
107,0
149,0
134,0
1434,0
176,0
179,0
63,0
86,0
113,0
685,0
200,0
196,0
250,0
185,0
75,0
136,0
229,0
200,0
139,0
161,0
141,0
39,0
49,0
66,0
782,1
321,0
118,0
116,0
128,0
104,0
126,0
87,0
1272,1
107,0
401,0
64,0
758,0
277,0
107,0
111,0
360,0
461,0
239,0
240,0
127,0
412,0
244,0
240,0
62,0
46,0
41,0
122,0
559,0
300,0
722,1
64,0
328,0
621,1
232,0
259,0
629,1
1103,0
317,0
126,0
66,0
385,1
1356,1
190,0
173,0
61,0
74,0
86,0
94,0
56,0
69,0
326,0
497,0
21,0
223,0
179,0
236,0
87,0
66,0
207,0
385,0
137,0
459,0
217,0
247,0
289,0
173,0
130,0
332,0
114,0
166,0
183,0
94,0
169,0
385,0
248,0
889,1
118,0
199,0
240,0
128,0
556,1
199,0
199,0
39,0
256,0
174,0
161,0
461,0
187,0
201,0
206,0
139,0
643,0
297,0
44,0
121,0
130,0
106,0
480,0
51,0
532,1
575,0
445,0
554,0
129,0
46,0
254,0
226,0
224,0
118,0
1200,0
295,0
268,0
174,0
630,0
209,0
243,0
111,0
451,0
192,0
154,0
162,0
933,0
110,0
86,0
448,0
261,0
120,0
151,0
199,0
94,0
97,0
531,0
112,0
80,0
41,0
153,0
210,0
130,0
599,1
236,0
532,0
849,1
136,0
500,0
212,0
337,0
1467,0
246,0
117,0
234,0
387,0
353,0
500,0
267,0
387,0
313,0
535,0
326,0
175,0
973,1
188,0
141,0
422,0
354,0
835,0
511,0
209,0
194,0
166,0
1165,0
113,0
98,0
190,0
104,0
88,0
316,0
211,0
455,0
830,1
208,0
95,0
167,0
108,0
375,0
457,0
216,0
299,0
366,0
238,0
281,0
270,0
234,0
68,0
107,0
92,0
159,0
247,0
97,0
228,0
293,0
88,0
143,0
273,0
152,0
87,0
339,0
98,0
70,0
244,0
264,0
280,0
116,0
164,0
25,0
196,0
36,0
214,0
277,0
95,0
116,0
305,0
15,0
237,0
263,0
224,0
210,0
333,0
627,0
100,0
75,0
416,0
221,0
51,0
199,0
576,0
340,0
377,0
260,0
255,0
160,0
96,0
543,0
182,0
104,0
13,0
167,0
224,0
317,0
179,0
74,0
422,0
447,0
380,0
371,0
122,0
159,0
79,0
261,0
140,0
360,0
500,0
234,0
146,0
407,0
416,0
756,0
122,0
339,0
500,0
352,0
16,0
288,0
164,0
100,0
245,0
95,0
285,0
88,0
78,0
422,0
719,1
167,0
336,0
89,0
112,0
208,0
221,0
624,0
252,0
230,0
482,0
564,0
53,0
279,0
136,0
242,0
185,0
9,0
205,0
131,0
15,0
192,0
118,0
219,0
214,0
188,0
262,0
226,0
290,0
342,0
140,0
161,0
259,0
47,0
163,0
491,0
220,0
104,0
54,0
141,0
109,0
259,0
183,0
24,0
216,0
58,0
123,0
146,0
362,0
124,0
191,0
509,1
431,0
160,0
175,0
178,0
186,0
395,0
143,0
740,1
534,1
201,0
320,0
144,0
425,0
59,0
208,0
85,0
290,0
31,0
393,0
82,0
523,0
136,0
203,0
144,0
152,0
119,0
732,1
136,0
733,0
85,0
524,0
377,0
286,0
304,0
106,0
42,0
711,0
97,0
288,0
99,0
238,0
136,0
367,0
188,0
531,1
217,0
256,0
634,1
124,0
260,0
460,1
133,0
166,0
1046,0
143,0
116,0
265,0
176,0
130,0
130,0
96,0
272,0
90,0
71,0
705,1
106,0
185,0
992,1
455,0
253,0
187,0
154,0
114,0
154,0
201,0
574,0
202,0
46,0
401,0
86,0
191,0
362,0
287,0
92,0
574,1
220,0
249,0
120,0
113,0
359,0
443,0
402,0
165,0
71,0
190,0
143,0
186,0
325,0
1767,1
145,0
125,0
156,0
630,0
116,0
188,0
199,0
545,0
681,1
489,0
156,0
483,0
165,0
197,0
245,0
113,0
173,0
214,0
1082,1
206,0
730,1
143,0
125,0
259,0
154,0
70,0
211,0
163,0
123,0
716,1
297,0
86,0
122,0
116,0
250,0
338,0
212,0
586,0
77,0
413,0
97,0
135,0
361,0
293,0
528,0
220,0
803,1
141,0
188,0
604,0
159,0
498,0
220,0
285,0
231,0
305,0
154,0
96,0
221,0
83,0
454,0
353,0
215,0
163,0
121,0
185,0
297,0
266,0
491,0
303,0
112,0
61,0
306,0
1027,0
831,1
510,0
338,0
107,0
138,0
210,0
58,0
305,0
349,0
312,0
283,0
55,0
360,0
216,0
327,0
317,0
76,0
202,0
108,0
301,0
460,0
194,0
165,0
64,0
141,0
82,0
84,0
89,0
136,0
158,0
161,0
203,0
54,0
632,0
158,0
192,0
144,0
251,0
319,0
635,1
584,0
157,0
606,0
78,0
119,0
192,0
214,0
1720,0
355,0
452,0
819,1
623,1
294,0
63,0
280,0
518,0
336,0
171,0
326,0
55,0
302,0
323,0
346,0
291,0
426,0
107,0
483,0
289,0
262,0
52,0
517,0
71,0
554,0
96,0
59,0
228,0
242,0
150,0
154,0
658,1
117,0
362,0
124,0
145,0
1061,1
268,0
237,0
378,0
171,0
286,0
392,0
218,0
21,0
116,0
201,0
1344,1
520,0
137,0
82,0
687,1
212,0
243,0
160,0
49,0
65,0
376,0
476,0
379,0
141,0
155,0
90,0
17,0
140,0
187,0
136,0
416,0
389,0
283,0
554,0
17,0
22,0
38,0
109,0
480,0
141,0
212,0
249,0
227,0
256,0
141,0
153,0
120,0
333,0
279,0
241,0
103,0
861,0
114,0
284,0
127,0
136,0
250,0
529,0
244,0
199,0
104,0
191,0
369,0
161,0
89,0
195,0
214,0
1111,0
71,0
183,0
258,0
173,0
329,0
225,0
210,0
320,0
1011,0
142,0
280,0
184,0
75,0
353,0
126,0
183,0
95,0
477,0
131,0
134,0
85,0
157,0
254,0
394,0
139,0
80,0
53,0
618,0
129,0
136,0
154,0
265,0
250,0
82,0
158,0
1272,0
182,0
207,0
95,0
253,0
72,0
132,0
259,0
261,0
815,1
205,0
537,1
323,0
64,0
679,1
42,0
63,0
2122,1
618,0
183,0
199,0
296,0
206,0
133,0
317,0
107,0
97,0
128,0
75,0
296,0
74,0
402,0
126,0
65,0
389,0
99,0
99,0
194,0
420,0
191,0
697,0
96,0
138,0
110,0
55,0
45,0
175,0
139,0
153,0
80,0
185,0
128,0
349,0
62,0
72,0
51,0
570,1
99,0
173,0
184,0
272,0
166,0
42,0
127,0
85,0
225,0
761,1
42,0
206,0
781,1
125,0
113,0
92,0
16,0
51,0
89,0
205,0
125,0
128,0
91,0
65,0
194,0
147,0
112,0
82,0
25,0
85,0
285,0
61,0
174,0
42,0
92,0
130,0
44,0
145,0
238,0
160,0
645,1
990,1
254,0
64,0
115,0
113,0
662,1
625,1
126,0
189,0
124,0
321,0
482,0
215,0
727,1
189,0
127,0
196,0
87,0
112,0
290,0
310,0
389,0
294,0
611,0
259,0
156,0
275,0
143,0
92,0
82,0
222,0
175,0
148,0
366,0
138,0
121,0
337,0
236,0
52,0
90,0
426,1
332,0
135,0
127,0
72,0
186,0
219,0
180,0
111,0
273,0
349,0
590,1
90,0
96,0
899,0
72,0
113,0
54,0
1121,1
81,0
628,0
118,0
119,0
1139,1
97,0
171,0
1156,0
71,0
668,0
183,0
128,0
171,0
76,0
89,0
188,0
869,1
242,0
98,0
175,0
87,0
100,0
89,0
31,0
205,0
167,0
108,0
180,0
31,0
494,0
96,0
133,0
161,0
130,0
136,0
145,0
80,0
108,0
532,0
145,0
91,0
124,0
279,0
143,0
98,0
178,0
103,0
71,0
90,0
144,0
332,0
693,0
225,0
289,0
224,0
224,0
118,0
362,0
125,0
672,0
124,0
219,0
192,0
160,0
77,0
360,0
173,0
94,0
102,0
172,0
176,0
74,0
378,0
70,0
294,0
183,0
728,0
643,0
111,0
131,0
203,0
108,0
1317,0
313,0
364,0
171,0
290,0
659,0
77,0
140,0
83,0
87,0
176,0
736,0
458,0
384,0
174,0
161,0
295,0
312,0
90,0
206,0
304,0
49,0
181,0
106,0
601,0
113,0
219,0
208,0
359,0
388,0
397,0
431,0
71,0
480,0
218,0
676,0
74,0
240,0
292,0
83,0
391,0
271,0
131,0
233,0
293,0
391,0
432,0
411,0
208,0
61,0
359,1
197,0
530,0
156,0
399,0
328,0
446,0
266,0
211,0
263,0
226,0
364,0
231,0
60,0
171,0
243,0
137,0
593,0
156,0
246,0
445,0
337,0
1014,1
399,0
85,0
19,0
173,0
10,0
17,0
1290,1
297,0
281,0
193,0
76,0
128,0
73,0
39,0
300,0
16,0
20,0
115,0
90,0
607,0
236,0
150,0
56,0
799,0
372,0
1439,1
120,0
119,0
919,1
130,0
227,0
497,0
170,0
89,0
185,0
630,0
139,0
196,0
134,0
1426,1
121,0
307,0
75,0
151,0
143,0
317,0
668,0
168,0
122,0
67,0
496,0
315,0
29,0
123,0
214,0
181,0
347,0
88,0
141,0
305,0
111,0
241,0
901,1
185,0
235,0
144,0
75,0
266,0
121,0
162,0
192,0
124,0
560,1
108,0
93,0
196,0
1019,0
165,0
140,0
73,0
211,0
156,0
119,0
30,0
402,0
132,0
1065,0
371,0
226,0
105,0
194,0
218,0
158,0
209,0
168,0
387,0
68,0
217,0
183,0
854,1
129,0
121,0
41,0
160,0
89,0
105,0
76,0
192,0
272,0
364,0
255,1
624,0
128,0
250,0
51,0
75,0
384,0
268,0
165,0
863,1
42,0
181,0
234,0
121,0
190,0
298,0
356,0
783,0
165,0
228,0
104,0
1102,0
441,0
370,0
489,0
103,0
67,0
277,0
154,0
144,0
633,0
214,0
176,0
106,0
37,0
793,0
473,0
140,0
964,0
503,0
439,0
71,0
174,0
804,1
347,0
642,0
103,0
58,0
660,0
221,0
329,0
187,0
39,0
982,1
324,0
171,0
149,0
147,0
45,0
224,0
165,0
150,0
117,0
95,0
349,0
96,0
292,0
792,0
100,0
369,0
184,0
285,0
418,0
532,0
467,0
38,0
220,0
330,0
584,1
185,0
613,0
152,0
542,0
210,0
120,0
880,1
122,0
132,0
108,0
481,0
815,0
80,0
212,0
143,0
160,0
279,0
154,0
68,0
182,0
123,0
185,0
136,0
173,0
259,0
157,0
277,0
506,0
66,0
421,0
301,0
742,0
188,0
123,0
633,0
288,0
111,0
133,0
268,0
262,0
307,0
58,0
446,0
252,0
356,0
102,0
151,0
143,0
133,0
466,0
226,0
380,0
358,0
209,0
114,0
207,0
139,0
421,0
112,0
165,0
323,0
400,0
428,0
313,0
720,1
328,0
361,0
45,0
85,0
645,0
73,0
486,0
180,0
83,0
123,0
190,0
82,0
445,0
81,0
771,1
161,0
245,0
45,0
228,0
627,1
293,0
92,0
244,0
1341,1
634,1
363,0
144,0
148,0
197,0
604,0
270,0
210,0
269,0
446,0
71,0
121,0
310,0
155,0
189,0
573,0
476,1
829,1
136,0
360,0
96,0
227,0
724,1
525,0
500,1
559,0
353,0
2029,1
57,0
351,0
129,0
60,0
270,0
396,0
456,0
502,0
227,0
125,0
121,0
1499,1
186,0
107,0
82,0
108,0
229,0
839,0
240,0
189,0
72,0
160,0
99,0
340,0
151,0
90,0
363,0
114,0
192,0
119,0
359,0
154,0
171,0
223,0
480,0
156,0
194,0
834,0
412,0
164,0
562,0
326,0
127,0
290,0
185,0
118,0
377,0
524,0
85,0
61,0
180,0
1399,1
107,0
374,0
1187,1
460,0
270,0
338,0
171,0
721,0
182,0
487,1
229,0
140,0
113,0
109,0
184,0
148,0
91,0
1097,1
144,0
150,0
535,0
465,0
154,0
311,0
123,0
924,0
296,0
200,0
212,0
258,0
3643,1
117,0
114,0
122,0
166,0
89,0
189,0
159,0
393,0
508,0
522,0
166,0
545,0
264,0
812,1
67,0
794,1
404,0
191,0
104,0
157,0
170,0
90,0
504,0
333,0
252,0
23,0
48,0
116,0
67,0
467,0
159,0
57,0
484,0
378,0
772,0
230,0
304,0
136,0
451,0
283,0
78,0
147,0
55,0
431,0
203,0
143,0
684,0
802,0
117,0
170,0
131,0
102,0
151,0
269,0
143,0
196,0
479,0
211,0
347,0
128,0
183,0
817,1
439,0
168,0
165,0
188,0
106,0
321,0
891,0
80,0
1242,0
76,0
45,0
138,0
132,0
216,0
100,0
318,0
141,0
906,0
72,0
139,0
41,0
93,0
564,0
243,0
31,0
226,0
16,0
306,0
518,0
87,0
130,0
98,0
504,0
98,0
93,0
82,0
188,0
223,0
67,0
59,0
86,0
186,0
1060,1
249,0
60,0
126,0
659,0
52,0
222,0
109,0
112,0
173,0
42,0
131,0
455,0
431,0
147,0
717,0
286,0
614,1
50,0
83,0
289,0
117,0
85,0
487,0
256,0
103,0
181,0
348,0
154,0
196,0
71,0
1689,1
47,0
1294,1
314,0
228,0
965,0
123,0
94,0
144,0
330,0
146,0
712,0
366,0
502,0
106,0
260,0
252,0
251,0
128,0
239,0
347,0
764,1
1120,1
16,0
107,0
271,0
970,0
963,1
149,0
64,0
1973,1
221,0
117,0
706,0
241,0
141,0
232,0
187,0
249,0
178,0
90,0
175,0
176,0
255,0
1041,1
324,0
1389,0
61,0
120,0
213,0
121,0
636,0
80,0
330,0
919,0
210,0
71,0
452,0
255,0
260,0
666,0
498,0
344,0
221,0
189,0
184,0
70,0
154,0
271,0
159,0
134,0
470,0
221,0
1164,0
595,0
1081,0
254,0
106,0
202,0
118,0
207,0
184,0
333,0
550,0
143,0
69,0
94,0
271,0
396,0
71,0
145,0
215,0
94,0
271,0
911,1
165,0
196,0
437,0
1180,0
135,0
193,0
103,0
128,0
328,0
261,0
342,0
119,0
425,0
151,0
163,0
773,0
822,1
188,0
853,1
549,0
172,0
161,0
96,0
1649,1
1310,1
1187,0
135,0
151,0
324,0
77,0
122,0
122,0
175,0
51,0
246,0
330,0
607,0
104,0
114,0
332,0
125,0
236,0
79,0
65,0
216,0
114,0
324,0
68,0
61,0
179,0
243,0
90,0
611,1
256,0
102,0
41,0
221,0
329,0
97,0
96,0
227,0
56,0
102,0
158,0
194,0
285,0
231,0
53,0
276,0
505,0
178,0
211,0
116,0
135,0
172,0
47,0
84,0
367,0
244,0
103,0
158,0
611,0
78,0
306,0
79,0
110,0
751,1
289,0
126,0
84,0
297,0
66,0
120,0
72,0
64,0
151,0
767,0
329,0
84,0
105,0
214,0
189,0
1397,1
550,0
331,0
155,0
137,0
333,0
44,0
173,0
209,0
122,0
238,0
84,0
363,0
64,0
226,0
97,0
247,0
80,0
141,0
187,0
467,0
549,0
254,0
460,0
1153,1
247,0
121,0
138,0
90,0
354,0
154,0
151,0
228,0
281,0
132,0
126,0
68,0
56,0
69,0
55,0
650,0
251,0
125,0
183,0
119,0
127,0
74,0
138,0
74,0
53,0
634,0
297,0
213,0
51,0
124,0
58,0
219,0
19,0
310,0
144,0
174,0
41,0
397,0
101,0
305,0
105,0
111,0
686,1
319,0
766,1
297,0
673,0
86,0
388,0
334,0
191,0
35,0
77,0
129,0
162,0
292,0
331,0
134,0
788,1
64,0
171,0
72,0
182,0
105,0
106,0
64,0
126,0
122,0
124,0
464,0
201,0
616,0
194,0
146,0
38,0
68,0
245,0
79,0
130,0
204,0
145,0
699,0
140,0
768,0
1130,1
80,0
259,0
341,0
192,0
417,0
154,0
455,0
85,0
243,0
225,0
85,0
76,0
163,0
149,0
568,0
1062,1
334,0
393,0
250,0
364,0
229,0
118,0
111,0
315,0
115,0
144,0
103,0
299,0
77,0
385,0
99,0
245,0
140,0
124,0
93,0
465,0
197,0
216,0
392,0
407,0
81,0
619,0
81,0
248,0
157,0
214,0
201,0
425,0
1669,1
108,0
460,0
256,0
272,0
166,0
431,0
377,0
184,0
119,0
123,0
250,0
109,0
301,0
257,0
136,0
340,0
387,0
163,0
326,0
557,0
512,0
342,0
197,0
97,0
109,0
194,0
298,0
101,0
643,0
1271,0
149,0
81,0
244,0
1336,1
111,0
157,0
455,0
218,0
118,0
185,0
138,0
304,0
171,0
43,0
1071,1
167,0
240,0
565,0
716,0
149,0
150,0
615,0
149,0
424,0
364,0
179,0
403,0
745,0
164,0
235,0
330,0
160,0
12,0
77,0
552,0
35,0
36,0
46,0
821,0
198,0
894,1
84,0
250,0
110,0
133,0
78,0
227,0
76,0
223,0
164,0
131,0
356,0
135,0
358,0
172,0
399,0
180,0
252,0
109,0
72,0
102,0
457,0
254,0
400,0
171,0
196,0
123,0
546,0
798,1
231,0
321,0
56,0
31,0
170,0
101,0
376,0
138,0
656,0
122,0
335,0
136,0
528,0
805,1
71,0
21,0
56,0
129,0
129,0
125,0
285,0
166,0
106,0
101,0
169,0
110,0
175,0
179,0
649,0
231,0
442,0
439,0
249,0
204,0
92,0
131,0
184,0
126,0
94,0
56,0
274,0
42,0
112,0
199,0
131,0
75,0
101,0
138,0
94,0
416,0
659,0
202,0
92,0
368,0
723,1
265,0
579,0
195,0
80,0
401,0
101,0
71,0
134,0
41,0
280,0
289,0
791,1
63,0
533,1
501,0
76,0
1056,1
753,0
80,0
317,0
129,0
237,0
110,0
295,0
61,0
188,0
815,1
117,0
89,0
101,0
109,0
315,0
226,0
49,0
280,0
83,0
121,0
778,0
350,0
368,0
103,0
232,0
60,0
87,0
156,0
924,0
65,0
256,0
132,0
207,0
152,0
49,0
67,0
646,0
808,1
81,0
58,0
178,0
56,0
88,0
177,0
364,0
156,0
1317,1
77,0
200,0
59,0
126,0
174,0
243,0
133,0
321,0
201,0
571,0
137,0
503,0
277,0
377,0
83,0
53,0
106,0
82,0
135,0
135,0
387,0
372,0
128,0
1615,1
860,1
162,0
246,0
317,0
122,0
76,0
462,0
125,0
182,0
85,0
277,0
280,0
218,0
274,0
130,0
177,0
116,0
98,0
442,0
92,0
88,0
141,0
658,1
37,0
144,0
794,0
90,0
70,0
878,1
280,0
193,0
148,0
513,0
172,0
89,0
792,0
355,0
881,1
981,1
158,0
722,0
103,0
820,1
1001,1
500,1
348,0
122,0
129,0
1228,1
94,0
192,0
331,0
779,0
91,0
61,0
555,0
157,0
580,0
39,0
83,0
111,0
603,0
211,0
105,0
514,1
479,0
111,0
368,0
149,0
257,0
98,0
408,0
329,0
134,0
306,0
159,0
275,0
68,0
135,0
716,1
257,0
826,0
35,0
1083,0
235,0
955,1
194,0
194,0
123,0
612,0
85,0
237,0
196,0
144,0
85,0
179,0
220,0
155,0
107,0
260,0
232,0
150,0
232,0
673,0
272,0
197,0
263,0
275,0
157,0
419,0
146,0
115,0
347,0
136,0
357,0
374,0
120,0
323,0
364,0
98,0
84,0
78,0
59,0
395,0
169,0
209,0
106,0
107,0
462,0
216,0
769,1
115,0
889,1
547,0
142,0
166,0
1424,1
53,0
290,0
520,0
490,0
838,1
599,0
498,0
166,0
232,0
270,0
118,0
159,0
265,0
419,0
624,0
59,0
812,0
97,0
119,0
84,0
632,1
448,1
163,0
231,0
114,0
32,0
1142,0
87,0
62,0
341,0
160,0
1412,0
61,0
41,0
276,0
75,0
208,0
298,0
767,1
174,0
186,0
350,0
52,0
46,0
510,0
81,0
464,0
220,0
31,0
1147,0
130,0
95,0
161,0
221,0
469,0
578,1
51,0
111,0
771,0
164,0
390,0
154,0
171,0
155,0
349,1
46,0
574,0
715,0
96,0
525,0
70,0
229,0
1806,1
400,0
92,0
284,0
130,0
151,0
46,0
79,0
344,0
291,0
56,0
153,0
401,0
138,0
272,0
145,0
122,0
226,0
211,0
94,0
428,0
156,0
191,0
225,0
781,1
496,1
586,1
195,0
49,0
90,0
339,0
268,0
689,1
94,0
269,0
303,0
120,0
239,0
129,0
98,0
555,1
130,0
686,1
124,0
29,0
528,0
83,0
60,0
251,0
206,0
1150,0
294,0
435,1
155,0
130,0
294,0
198,0
72,0
830,1
57,0
464,0
57,0
76,0
318,0
39,0
873,1
166,0
227,0
202,0
109,0
243,0
329,0
214,0
142,0
151,0
335,0
143,0
122,0
48,0
198,0
183,0
45,0
684,0
255,0
143,0
885,0
1222,1
520,0
128,0
156,0
325,0
236,0
419,0
197,0
226,0
705,0
649,0
77,0
231,0
513,0
87,0
988,1
102,0
111,0
241,0
558,0
177,0
680,0
652,1
350,0
124,0
359,0
592,0
165,0
128,0
68,0
367,1
192,0
128,0
158,0
547,0
1019,1
93,0
332,0
131,0
709,1
188,0
59,0
516,0
561,1
198,0
346,0
157,0
254,0
199,0
171,0
101,0
98,0
87,0
217,0
293,0
378,0
129,0
132,0
240,0
91,0
1432,0
87,0
111,0
141,0
322,0
254,0
455,0
285,0
69,0
89,0
1018,1
60,0
212,0
173,0
101,0
110,0
128,0
156,0
231,0
406,0
255,0
538,0
191,0
240,0
118,0
239,0
164,0
73,0
278,0
252,0
77,0
345,0
282,0
39,0
169,0
781,1
202,0
357,0
159,0
1389,0
1056,0
166,0
168,0
212,0
201,0
191,0
1339,0
30,0
127,0
319,0
284,0
264,0
204,0
1473,0
255,0
108,0
524,0
26,0
184,0
613,0
268,0
605,0
93,0
98,0
63,0
128,0
185,0
66,0
102,0
199,0
293,0
59,0
330,0
209,0
59,0
159,0
63,0
298,0
413,0
53,0
309,0
257,0
36,0
55,0
53,0
71,0
20,0
117,0
80,0
261,0
201,0
109,0
397,0
69,0
264,0
48,0
90,0
72,0
94,0
539,0
317,0
1150,1
144,0
126,0
302,0
123,0
114,0
235,0
196,0
84,0
106,0
151,0
102,0
521,0
181,0
50,0
80,0
187,0
158,0
205,0
114,0
228,0
20,0
628,0
117,0
418,0
64,0
302,0
17,0
50,0
72,0
72,0
258,0
45,0
544,0
124,0
753,1
391,0
72,0
84,0
686,0
277,0
64,0
388,0
324,0
295,0
284,0
86,0
504,0
1171,0
430,0
201,0
50,0
224,0
272,0
82,0
262,0
344,0
818,0
534,0
402,0
127,0
89,0
87,0
97,0
324,0
287,0
284,0
67,0
156,0
234,0
54,0
59,0
134,0
167,0
58,0
509,0
156,0
200,0
354,0
143,0
28,0
224,0
410,0
109,0
1275,1
11,0
1183,0
692,0
158,0
120,0
136,0
114,0
118,0
109,0
143,0
84,0
15,0
536,0
490,0
282,0
1008,1
493,0
421,0
259,0
80,0
202,0
301,0
105,0
509,0
49,0
134,0
538,1
115,0
179,0
195,0
68,0
795,1
225,0
926,1
219,0
119,0
232,0
245,0
260,0
243,0
470,0
109,0
172,0
312,0
393,0
71,0
157,0
130,0
270,0
79,0
655,0
123,0
479,0
96,0
225,0
654,0
747,0
321,0
54,0
312,0
1027,1
630,0
360,0
180,0
22,0
184,0
345,0
506,0
388,0
377,0
683,0
796,0
381,0
804,0
127,0
18,0
168,0
263,0
309,0
43,0
504,0
353,0
384,0
177,0
18,0
334,0
275,0
378,0
489,0
54,0
174,0
485,0
1584,1
420,0
62,0
626,1
104,0
695,0
139,0
582,1
1448,1
271,0
1151,0
265,0
171,0
120,0
277,0
383,0
186,0
271,0
160,0
207,0
197,0
202,0
656,1
1390,0
637,1
188,0
231,0
738,0
551,1
25,0
614,0
437,0
1319,1
606,0
235,0
199,0
201,0
275,0
268,0
210,0
275,0
538,0
304,0
147,0
84,0
125,0
294,0
59,0
182,0
410,0
209,0
234,0
124,0
111,0
277,0
80,0
222,0
147,0
278,0
174,0
1175,1
46,0
536,0
257,0
728,0
1018,0
291,0
654,0
1673,0
330,0
124,0
171,0
248,0
170,0
408,0
301,0
88,0
81,0
155,0
770,0
57,0
77,0
991,1
82,0
903,0
610,0
175,0
122,0
395,0
517,0
444,0
207,0
230,0
674,0
172,0
169,0
320,0
153,0
154,0
51,0
43,0
143,0
505,0
27,0
546,0
91,0
75,0
1153,1
602,0
740,0
193,0
125,0
188,0
487,0
134,0
735,0
172,0
138,0
64,0
157,0
185,0
121,0
21,0
156,0
74,0
302,0
95,0
100,0
172,0
623,1
674,1
76,0
1081,1
113,0
69,0
50,0
455,0
142,0
165,0
91,0
53,0
400,0
85,0
454,0
67,0
127,0
178,0
145,0
59,0
287,0
85,0
292,0
115,0
85,0
146,0
83,0
103,0
558,1
572,1
494,1
14,0
354,0
91,0
304,0
199,0
191,0
978,1
144,0
240,0
166,0
536,1
316,0
91,0
149,0
72,0
11,0
222,0
135,0
412,0
383,0
41,0
567,1
800,0
84,0
178,0
90,0
33,0
274,0
116,0
71,0
226,0
968,1
377,0
111,0
113,0
225,0
277,0
274,0
467,0
262,0
474,1
191,0
110,0
131,0
115,0
102,0
411,0
516,1
143,0
164,0
120,0
203,0
73,0
482,0
569,0
167,0
278,1
94,0
177,0
110,0
383,0
286,0
106,0
610,1
223,0
313,0
41,0
108,0
116,0
60,0
359,0
119,0
238,0
337,0
75,0
11,0
174,0
63,0
483,0
47,0
308,0
269,0
640,1
384,0
292,0
147,0
287,0
168,0
25,0
159,0
302,0
65,0
90,0
439,0
133,0
494,0
67,0
96,0
381,0
226,0
354,0
117,0
239,0
671,1
508,0
420,1
56,0
130,0
263,0
658,1
362,0
199,0
342,0
300,0
207,0
115,0
112,0
104,0
111,0
95,0
259,0
503,0
168,0
328,0
187,0
140,0
744,0
655,1
142,0
642,0
141,0
659,1
101,0
179,0
144,0
169,0
199,0
143,0
641,1
835,0
83,0
54,0
415,1
146,0
410,0
70,0
595,0
97,0
171,0
239,0
328,0
852,1
49,0
635,1
215,0
34,0
218,0
352,0
652,0
317,0
92,0
102,0
297,0
225,0
183,0
1503,0
168,0
1127,1
73,0
129,0
216,0
55,0
706,0
728,0
351,0
134,0
127,0
579,0
909,0
96,0
129,0
100,0
183,0
247,0
252,0
175,0
1360,1
118,0
139,0
464,0
788,0
570,0
905,0
30,0
180,0
541,0
127,0
440,0
225,0
112,0
300,0
409,0
247,0
177,0
320,0
89,0
200,0
166,0
207,0
453,0
126,0
379,0
184,0
37,0
191,0
662,0
251,0
588,1
70,0
1373,1
93,0
127,0
462,0
305,0
46,0
99,0
35,0
264,0
113,0
837,0
243,0
528,0
277,0
470,0
913,1
127,0
197,0
414,0
154,0
799,1
320,0
596,0
1139,1
227,0
580,0
82,0
179,0
83,0
212,0
280,0
124,0
241,0
61,0
120,0
190,0
200,0
165,0
239,0
200,0
463,0
144,0
50,0
192,0
75,0
123,0
93,0
999,1
114,0
335,0
43,0
272,0
589,0
91,0
54,0
322,0
78,0
72,0
168,0
110,0
120,0
149,0
489,0
1425,0
24,0
218,0
78,0
93,0
100,0
257,0
140,0
145,0
90,0
122,0
97,0
357,0
638,1
478,0
118,0
166,0
203,0
84,0
118,0
169,0
176,0
195,0
101,0
153,0
519,0
227,0
394,0
236,0
180,0
88,0
89,0
317,0
172,0
1105,1
553,0
538,0
808,0
91,0
130,0
96,0
76,0
554,0
184,0
126,0
124,0
316,0
405,0
521,0
416,0
93,0
37,0
42,0
171,0
455,0
150,0
93,0
156,0
66,0
323,0
37,0
226,0
472,0
357,0
47,0
295,0
581,0
113,0
191,0
193,0
38,0
108,0
77,0
212,0
225,0
120,0
304,0
230,0
856,0
396,0
853,0
590,1
53,0
55,0
169,0
475,0
141,0
54,0
101,0
54,0
730,0
105,0
533,0
177,0
296,0
304,0
854,1
103,0
97,0
31,0
90,0
90,0
170,0
99,0
111,0
115,0
158,0
100,0
118,0
19,0
65,0
336,0
44,0
479,0
71,0
617,1
92,0
95,0
156,0
177,0
93,0
218,0
369,0
206,0
320,0
163,0
101,0
171,0
1039,1
221,0
369,0
141,0
574,1
919,1
678,0
101,0
171,0
149,0
72,0
65,0
61,0
521,0
1017,1
51,0
237,0
357,0
449,0
848,1
356,0
204,0
71,0
163,0
111,0
733,1
353,0
119,0
79,0
808,0
553,1
507,0
93,0
245,0
1080,1
339,0
710,1
824,0
333,0
1212,1
240,0
87,0
1156,0
761,0
200,0
471,0
80,0
137,0
623,0
881,0
255,0
251,0
357,0
891,1
228,0
121,0
200,0
116,0
157,0
151,0
333,0
153,0
81,0
410,0
56,0
691,1
202,0
125,0
580,0
178,0
61,0
742,0
80,0
1877,1
18,0
167,0
295,0
181,0
292,0
171,0
46,0
578,0
112,0
299,0
588,0
145,0
250,0
149,0
129,0
208,0
249,0
292,0
407,0
222,0
50,0
250,0
147,0
100,0
89,0
107,0
332,0
132,0
320,0
71,0
91,0
149,0
392,0
210,0
50,0
857,1
68,0
298,0
213,0
195,0
260,0
474,0
231,0
936,0
690,0
381,0
1089,0
312,0
211,0
147,0
378,0
60,0
366,0
71,0
862,0
71,0
172,0
291,0
91,0
1130,1
577,1
509,0
256,0
510,0
1342,1
363,0
522,0
168,0
306,0
354,0
106,0
262,0
87,0
930,0
342,0
564,0
157,0
181,0
418,0
199,0
251,0
1002,1
833,0
452,0
274,0
241,0
564,0
132,0
250,0
47,0
313,0
138,0
338,0
227,0
985,1
236,0
67,0
162,0
121,0
929,0
91,0
59,0
126,0
769,0
1360,1
90,0
91,0
1134,1
173,0
86,0
130,0
83,0
75,0
208,0
276,0
106,0
251,0
482,0
21,0
240,0
908,1
88,0
150,0
31,0
185,0
167,0
105,0
86,0
34,0
105,0
322,0
898,0
549,0
193,0
177,0
357,0
419,0
78,0
595,0
24,0
147,0
100,0
145,0
184,0
111,0
189,0
314,0
322,0
54,0
445,0
98,0
97,0
722,0
68,0
166,0
78,0
126,0
44,0
70,0
80,0
159,0
72,0
125,0
712,1
85,0
156,0
181,0
383,0
93,0
40,0
152,0
87,0
46,0
17,0
68,0
261,0
204,0
102,0
637,0
95,0
238,0
420,0
121,0
75,0
312,0
29,0
41,0
1352,1
82,0
438,0
153,0
139,0
376,0
135,0
77,0
211,0
314,0
278,0
263,0
344,0
1077,1
152,0
72,0
137,0
214,0
70,0
178,0
123,0
90,0
80,0
307,0
259,0
132,0
161,0
714,1
66,0
259,0
185,0
422,0
255,0
518,0
168,0
255,0
139,0
527,0
560,1
663,0
690,1
132,0
81,0
702,0
168,0
407,0
254,0
176,0
89,0
305,0
107,0
121,0
268,0
196,0
150,0
367,0
152,0
490,0
125,0
807,0
1545,1
40,0
65,0
47,0
118,0
274,0
108,0
1017,0
520,0
56,0
89,0
199,0
114,0
843,0
273,0
189,0
74,0
485,0
271,0
115,0
152,0
71,0
599,0
247,0
204,0
215,0
88,0
423,0
285,0
22,0
200,0
246,0
352,0
68,0
292,0
188,0
506,0
136,0
89,0
117,0
188,0
89,0
455,0
65,0
27,0
272,0
120,0
605,0
630,0
151,0
62,0
90,0
164,0
599,0
106,0
654,1
127,0
1288,0
59,0
124,0
29,0
156,0
73,0
333,0
267,0
403,0
129,0
52,0
270,0
283,0
81,0
849,1
261,0
614,0
114,0
70,0
1833,1
77,0
87,0
369,0
62,0
86,0
431,0
1220,0
67,0
214,0
639,0
722,1
1281,0
246,0
654,0
112,0
204,0
364,0
85,0
211,0
1029,0
135,0
115,0
443,0
153,0
133,0
578,0
209,0
24,0
1508,1
101,0
632,0
212,0
140,0
662,0
263,0
97,0
867,0
50,0
96,0
124,0
563,0
385,0
196,0
966,1
264,0
124,0
165,0
210,0
275,0
502,0
405,0
289,0
182,0
92,0
128,0
160,0
139,0
183,0
181,0
134,0
487,0
82,0
681,0
283,0
417,0
60,0
77,0
72,0
282,0
226,0
137,0
261,0
661,0
206,0
105,0
445,0
90,0
370,0
242,0
1408,0
514,0
126,0
176,0
135,0
163,0
483,0
608,0
100,0
145,0
160,0
160,0
261,0
307,0
236,0
403,0
241,0
387,0
211,0
598,1
1206,0
248,0
139,0
181,0
237,0
477,0
312,0
727,0
249,0
186,0
459,0
240,0
107,0
287,0
124,0
176,0
270,0
470,0
139,0
560,1
96,0
100,0
137,0
55,0
1237,1
81,0
246,0
44,0
493,0
345,0
216,0
187,0
580,0
191,0
184,0
443,0
213,0
400,0
289,0
717,0
156,0
149,0
89,0
503,0
62,0
282,0
97,0
39,0
102,0
88,0
199,0
233,0
126,0
44,0
78,0
246,0
203,0
209,0
112,0
728,0
249,0
282,0
210,0
1287,0
32,0
437,0
36,0
1148,0
864,1
464,0
188,0
314,0
1037,1
351,0
279,0
119,0
162,0
209,0
136,0
624,0
167,0
38,0
203,0
802,1
143,0
262,0
254,0
1226,0
113,0
714,0
282,0
534,0
174,0
532,0
319,0
1608,1
61,0
84,0
127,0
85,0
487,0
217,0
439,0
170,0
411,0
71,0
285,0
442,0
59,0
100,0
133,0
40,0
187,0
70,0
89,0
75,0
284,0
221,0
97,0
123,0
364,0
194,0
92,0
73,0
164,0
92,0
73,0
51,0
122,0
500,0
569,0
318,0
38,0
137,0
175,0
181,0
390,0
926,1
870,1
105,0
411,0
226,0
141,0
187,0
245,0
190,0
58,0
115,0
177,0
429,0
256,0
271,0
157,0
114,0
107,0
285,0
205,0
161,0
40,0
237,0
106,0
158,0
145,0
74,0
126,0
244,0
730,0
223,0
138,0
498,0
327,0
104,0
376,0
94,0
137,0
379,0
761,1
108,0
232,0
302,0
184,0
77,0
229,0
1176,1
95,0
281,0
145,0
104,0
142,0
142,0
136,0
105,0
495,0
160,0
84,0
167,0
235,0
633,1
272,0
55,0
1089,0
43,0
16,0
40,0
87,0
336,0
471,0
59,0
104,0
18,0
184,0
178,0
250,0
115,0
18,0
115,0
61,0
644,0
36,0
421,0
178,0
884,0
156,0
238,0
319,0
371,0
670,0
194,0
35,0
148,0
284,0
182,0
194,0
56,0
375,0
31,0
73,0
952,0
111,0
213,0
146,0
158,0
163,0
150,0
423,0
368,0
280,0
79,0
40,0
122,0
123,0
183,0
639,0
123,0
222,0
70,0
202,0
157,0
190,0
172,0
143,0
70,0
173,0
387,0
74,0
155,0
81,0
165,0
690,1
159,0
73,0
465,0
312,0
717,0
355,0
191,0
538,0
102,0
118,0
197,0
374,0
130,0
97,0
529,1
98,0
108,0
273,0
140,0
179,0
135,0
135,0
511,0
435,0
36,0
207,0
173,0
366,0
216,0
96,0
297,0
58,0
76,0
99,0
103,0
158,0
90,0
1152,1
55,0
335,0
126,0
439,0
169,0
979,0
92,0
203,0
256,0
167,0
134,0
85,0
172,0
383,0
588,0
152,0
25,0
874,0
396,0
434,0
322,0
545,0
413,0
34,0
586,0
698,0
73,0
1960,1
186,0
212,0
1331,0
1776,0
312,0
638,0
98,0
517,0
271,0
100,0
206,0
166,0
671,0
259,0
957,1
296,0
85,0
323,0
438,0
218,0
119,0
332,0
158,0
125,0
288,0
129,0
544,0
91,0
448,0
168,0
203,0
118,0
902,1
123,0
361,0
248,0
711,0
55,0
1327,1
90,0
239,0
122,0
1090,0
82,0
361,0
67,0
2078,1
339,0
185,0
203,0
1118,0
400,0
580,0
179,0
475,0
58,0
229,0
530,0
497,0
81,0
362,0
255,0
206,0
185,0
125,0
673,0
1124,1
228,1
180,0
808,1
510,0
162,0
413,0
198,0
421,0
350,0
322,0
201,0
638,1
437,0
68,0
147,0
248,0
108,0
110,0
328,0
1066,0
305,0
293,0
68,0
329,0
329,0
609,0
652,0
1201,1
252,0
1309,1
127,0
205,0
476,0
158,0
74,0
419,0
165,0
408,0
135,0
1300,0
41,0
83,0
144,0
293,0
161,0
173,0
156,0
280,0
1359,1
122,0
416,1
36,0
623,0
53,0
279,0
532,1
107,0
933,0
85,0
790,0
97,0
171,0
505,0
495,0
799,0
111,0
683,1
84,0
547,0
103,0
236,0
71,0
192,0
476,0
50,0
54,0
42,0
57,0
70,0
265,0
117,0
430,1
202,0
537,0
219,0
48,0
143,0
241,0
63,0
357,0
21,0
13,0
32,0
73,0
148,0
46,0
53,0
119,0
92,0
226,0
200,0
42,0
187,0
208,0
125,0
162,0
281,0
139,0
481,0
101,0
205,0
65,0
311,0
186,0
66,0
137,0
91,0
544,0
129,0
211,0
78,0
67,0
71,0
326,0
70,0
58,0
130,0
76,0
97,0
459,0
196,0
71,0
212,0
458,0
105,0
77,0
853,1
164,0
380,0
194,0
1204,1
467,0
55,0
338,0
168,0
157,0
528,0
464,0
152,0
211,0
313,0
279,0
335,0
209,0
775,0
63,0
134,0
71,0
561,0
197,0
329,0
70,0
53,0
43,0
142,0
523,0
193,0
604,0
144,0
302,0
205,0
137,0
142,0
58,0
100,0
239,0
1756,0
77,0
169,0
1441,1
71,0
38,0
191,0
171,0
149,0
747,0
186,0
223,0
154,0
60,0
151,0
188,0
185,0
224,0
171,0
203,0
84,0
134,0
164,0
128,0
15,0
386,0
401,0
137,0
200,0
225,0
379,0
92,0
92,0
188,0
168,0
651,1
305,0
497,0
205,0
179,0
212,0
36,0
39,0
576,0
94,0
240,0
147,0
604,0
193,0
211,0
120,0
169,0
1491,1
131,0
343,0
175,0
308,0
408,0
119,0
418,0
821,0
99,0
16,0
78,0
225,0
604,0
250,0
208,0
72,0
23,0
498,0
78,0
204,0
90,0
539,0
273,0
107,0
650,0
48,0
91,0
229,0
304,0
129,0
537,0
915,0
903,1
58,0
122,0
873,1
248,0
1298,1
149,0
717,0
147,0
85,0
709,1
72,0
185,0
28,0
148,0
172,0
150,0
51,0
90,0
1206,0
1869,0
52,0
575,0
256,0
823,0
484,0
230,0
112,0
81,0
56,0
245,0
332,0
988,0
151,0
132,0
218,0
773,0
147,0
953,0
43,0
1259,0
267,0
736,0
901,1
362,0
89,0
196,0
346,0
79,0
1850,1
134,0
217,0
119,0
347,0
559,0
141,0
135,0
27,0
126,0
101,0
62,0
464,0
631,0
203,0
306,0
318,0
810,0
273,0
780,0
844,0
947,0
328,0
448,0
258,0
213,0
161,0
82,0
730,0
180,0
367,0
870,0
1820,0
144,0
732,0
303,0
553,0
90,0
137,0
268,0
828,0
136,0
180,0
367,1
513,0
347,0
1173,0
153,0
73,0
626,0
123,0
77,0
263,0
91,0
577,0
417,0
393,0
633,0
568,0
237,0
180,0
257,0
144,0
212,0
447,0
92,0
552,0
241,0
458,1
1602,1
42,0
130,0
197,0
52,0
441,0
31,0
219,0
179,0
1492,1
72,0
64,0
210,0
133,0
203,0
823,0
682,0
154,0
150,0
13,0
1422,1
114,0
186,0
57,0
159,0
123,0
102,0
65,0
78,0
303,0
43,0
44,0
212,0
111,0
161,0
979,1
591,0
602,0
190,0
616,1
295,0
359,0
153,0
110,0
198,0
136,0
173,0
294,0
784,1
310,0
107,0
298,0
110,0
1000,1
361,0
695,1
137,0
335,0
735,1
75,0
57,0
159,0
337,0
337,0
267,0
803,0
115,0
282,0
168,0
18,0
54,0
172,0
256,0
112,0
862,1
134,0
324,0
65,0
250,0
198,0
241,0
79,0
112,0
86,0
127,0
246,0
50,0
71,0
61,0
40,0
720,0
175,0
234,0
226,0
352,0
227,0
214,0
571,0
110,0
246,0
63,0
113,0
188,0
133,0
98,0
51,0
286,0
238,0
49,0
102,0
18,0
795,0
1946,1
560,0
172,0
77,0
99,0
153,0
297,0
135,0
95,0
182,0
168,0
102,0
46,0
1106,0
81,0
124,0
236,0
132,0
94,0
203,0
184,0
146,0
102,0
184,0
367,0
426,0
800,0
96,0
165,0
357,0
177,0
69,0
72,0
209,0
362,1
49,0
135,0
132,0
177,0
67,0
204,0
153,0
239,0
337,0
149,0
97,0
471,0
214,0
796,0
51,0
106,0
211,0
311,0
483,0
605,0
110,0
276,0
120,0
39,0
127,0
80,0
87,0
66,0
163,0
83,0
511,0
184,0
102,0
53,0
743,1
129,0
258,0
2015,1
98,0
657,0
199,0
261,0
442,0
241,0
152,0
147,0
730,0
36,0
1161,0
90,0
95,0
102,0
374,0
468,0
141,0
155,0
356,0
147,0
268,0
84,0
259,0
360,0
1031,1
1368,0
507,0
148,0
266,0
295,0
134,0
270,0
396,0
273,0
72,0
385,0
87,0
161,0
92,0
124,0
356,0
394,0
293,0
135,0
590,1
200,0
587,0
1330,1
194,0
238,0
171,0
936,0
210,0
83,0
946,1
1319,0
250,0
103,0
150,0
67,0
124,0
85,0
93,0
99,0
1448,1
432,0
143,0
50,0
126,0
87,0
400,0
279,1
185,0
164,0
188,0
118,0
661,1
137,0
237,0
195,0
138,0
114,0
96,0
65,0
144,0
198,0
386,0
163,0
63,0
84,0
188,0
481,0
1369,1
653,1
460,0
41,0
282,0
395,0
190,0
71,0
68,0
151,0
32,0
102,0
147,0
93,0
29,0
63,0
40,0
230,0
33,0
57,0
177,0
52,0
49,0
123,0
44,0
243,0
41,0
60,0
31,0
52,0
110,0
33,0
49,0
327,0
108,0
95,0
119,0
234,0
261,0
180,0
56,0
70,0
163,0
62,0
110,0
386,0
295,0
458,1
117,0
69,0
48,0
57,0
983,1
365,1
95,0
31,0
55,0
49,0
193,0
36,0
664,1
108,0
110,0
57,0
89,0
699,1
131,0
463,0
228,0
30,0
700,1
124,0
219,0
307,0
82,0
151,0
106,0
121,0
115,0
939,1
60,0
340,0
54,0
73,0
362,0
746,0
22,0
745,1
319,0
219,0
200,0
174,0
136,0
154,0
108,0
87,0
68,0
644,0
108,0
148,0
139,0
84,0
240,0
194,0
330,0
228,0
662,1
60,0
40,0
230,0
173,0
78,0
551,0
130,0
49,0
295,0
139,0
13,0
367,0
137,0
97,0
73,0
126,0
164,0
50,0
24,0
84,0
547,0
292,0
53,0
241,0
418,0
112,0
65,0
388,0
273,0
103,0
1169,1
59,0
431,1
143,0
405,0
263,0
143,0
837,1
19,0
63,0
55,0
596,1
35,0
71,0
101,0
337,0
65,0
48,0
174,0
201,0
296,0
180,0
332,0
55,0
301,0
359,0
54,0
114,0
86,0
404,0
435,0
231,0
40,0
73,0
300,0
193,0
73,0
22,0
502,0
83,0
289,0
89,0
157,0
438,0
155,0
189,0
96,0
25,0
395,0
246,0
630,1
60,0
116,0
1025,0
231,0
76,0
131,0
470,0
85,0
60,0
383,1
719,0
68,0
70,0
234,0
81,0
106,0
83,0
89,0
82,0
118,0
76,0
97,0
86,0
33,0
1339,0
359,0
102,0
59,0
128,0
153,0
112,0
674,0
1009,1
136,0
121,0
81,0
141,0
158,0
1096,1
624,0
93,0
534,0
117,0
78,0
247,0
317,0
75,0
88,0
63,0
318,0
246,0
867,1
41,0
207,0
761,0
234,0
310,0
88,0
283,0
418,0
179,0
419,0
88,0
121,0
42,0
187,0
141,0
320,0
154,0
339,0
493,0
551,1
106,0
239,0
644,0
322,0
269,0
124,0
333,0
180,0
160,0
192,0
182,0
76,0
433,0
120,0
290,0
118,0
58,0
149,0
114,0
91,0
398,0
101,0
117,0
159,0
37,0
127,0
90,0
155,0
264,0
377,0
73,0
71,0
118,0
257,0
234,0
1065,1
499,0
220,0
270,0
213,0
1037,0
262,0
22,0
123,0
83,0
138,0
191,0
267,0
609,0
313,0
170,0
117,0
76,0
780,0
165,0
314,0
306,0
83,0
320,0
39,0
341,0
151,0
377,0
19,0
76,0
72,0
194,0
890,1
118,0
168,0
76,0
167,0
472,0
178,0
276,0
147,0
131,0
123,0
50,0
85,0
91,0
209,0
97,0
1076,1
152,0
107,0
100,0
488,0
265,0
174,0
504,0
127,0
136,0
164,0
110,0
243,0
120,0
127,0
122,0
206,0
90,0
27,0
210,0
126,0
125,0
215,0
173,0
786,0
38,0
193,0
215,0
393,0
62,0
121,0
345,0
88,0
178,0
858,0
82,0
119,0
480,0
179,0
95,0
62,0
117,0
176,0
47,0
105,0
10,0
62,0
168,0
60,0
114,0
234,0
192,0
118,0
158,0
186,0
82,0
148,0
215,0
54,0
36,0
146,0
604,0
303,0
156,0
32,0
874,1
99,0
50,0
648,1
44,0
71,0
101,0
109,0
76,0
90,0
218,0
164,0
1569,0
7,0
69,0
122,0
162,0
179,0
179,0
83,0
165,0
301,0
466,0
117,0
165,0
25,0
318,0
112,0
241,0
710,1
80,0
116,0
609,0
106,0
164,0
129,0
149,0
600,1
206,0
102,0
75,0
124,0
893,1
43,0
336,0
112,0
70,0
55,0
293,0
184,0
237,0
82,0
135,0
299,0
24,0
497,0
97,0
55,0
60,0
48,0
109,0
132,0
167,0
197,0
98,0
345,0
165,0
69,0
55,0
647,0
105,0
33,0
96,0
100,0
91,0
285,0
214,0
155,0
64,0
305,0
261,0
446,0
248,0
103,0
86,0
105,0
57,0
221,0
2516,1
72,0
361,0
247,0
145,0
146,0
64,0
522,0
213,0
137,0
104,0
57,0
100,0
208,0
735,0
94,0
46,0
28,0
121,0
65,0
394,0
189,0
797,0
204,0
212,0
255,0
196,0
184,0
145,0
81,0
47,0
24,0
35,0
92,0
538,0
520,0
283,0
153,0
82,0
198,0
533,0
60,0
569,0
300,0
422,0
100,0
129,0
57,0
199,0
56,0
281,0
207,0
1186,0
454,1
337,0
156,0
195,0
63,0
20,0
52,0
113,0
328,0
86,0
1058,1
114,0
121,0
45,0
187,0
369,0
143,0
277,0
85,0
96,0
126,0
180,0
317,0
108,0
104,0
665,0
125,0
246,0
33,0
95,0
277,0
127,0
38,0
790,0
635,0
597,0
77,0
62,0
72,0
171,0
665,0
110,0
77,0
226,0
367,0
509,0
228,0
935,0
129,0
313,0
80,0
375,0
194,0
94,0
97,0
197,0
403,0
616,1
207,0
816,1
268,0
99,0
114,0
123,0
246,0
263,0
109,0
122,0
162,0
69,0
82,0
205,0
136,0
808,1
316,0
259,0
110,0
64,0
110,0
119,0
336,0
327,0
316,0
1127,1
1140,0
284,0
543,0
189,0
52,0
223,0
468,0
322,0
61,0
185,0
347,0
399,0
340,0
637,0
60,0
234,0
165,0
308,0
75,0
242,0
142,0
153,0
481,0
128,0
53,0
234,0
222,0
186,0
333,0
333,0
79,0
112,0
157,0
101,0
193,0
863,0
590,0
92,0
153,0
225,0
49,0
88,0
825,0
254,0
11,0
520,0
138,0
44,0
142,0
984,0
78,0
329,0
353,0
189,0
125,0
105,0
334,0
68,0
76,0
28,0
458,0
142,0
189,0
70,0
18,0
158,0
59,0
31,0
150,0
90,0
258,0
305,0
67,0
128,0
99,0
39,0
70,0
112,0
113,0
69,0
120,0
81,0
684,1
312,0
89,0
42,0
843,1
150,0
834,0
528,0
516,0
86,0
129,0
652,0
102,0
295,0
650,1
273,0
38,0
409,0
160,0
77,0
65,0
132,0
166,0
192,0
73,0
542,1
120,0
219,0
47,0
93,0
32,0
119,0
229,0
25,0
195,0
64,0
270,0
173,0
695,0
85,0
594,0
115,0
101,0
605,0
537,0
42,0
51,0
71,0
141,0
351,0
50,0
76,0
183,0
58,0
141,0
187,0
55,0
164,0
111,0
145,0
292,0
71,0
14,0
220,0
340,0
148,0
105,0
154,0
83,0
77,0
138,0
244,0
597,0
161,0
171,0
81,0
1373,1
133,0
122,0
153,0
65,0
41,0
29,0
86,0
255,0
218,0
197,0
788,1
380,0
988,1
55,0
129,0
622,0
38,0
86,0
227,0
120,0
149,0
144,0
126,0
185,0
197,0
543,1
99,0
156,0
94,0
87,0
82,0
77,0
444,0
34,0
287,0
73,0
152,0
69,0
74,0
535,0
209,0
72,0
44,0
1171,1
72,0
117,0
729,1
341,0
186,0
96,0
509,1
166,0
1078,0
27,0
698,0
114,0
340,0
106,0
424,0
436,0
159,0
208,0
96,0
359,0
69,0
259,0
225,0
1089,1
65,0
266,0
1211,1
50,0
178,0
130,0
118,0
109,0
94,0
647,0
120,0
136,0
458,1
438,0
225,0
103,0
112,0
145,0
31,0
216,0
156,0
52,0
154,0
1165,0
117,0
89,0
266,0
107,0
486,0
72,0
63,0
100,0
174,0
62,0
520,0
103,0
233,0
109,0
64,0
41,0
153,0
57,0
335,0
246,0
86,0
85,0
104,0
35,0
149,0
85,0
82,0
350,0
540,1
115,0
109,0
595,0
155,0
242,0
288,0
163,0
339,0
29,0
139,0
123,0
72,0
352,0
103,0
173,0
168,0
50,0
22,0
191,0
245,0
251,0
139,0
95,0
207,0
88,0
96,0
100,0
638,0
142,0
90,0
695,1
53,0
269,0
354,0
251,0
764,1
251,0
411,0
1065,1
590,0
100,0
184,0
180,0
83,0
130,0
300,0
70,0
126,0
141,0
130,0
75,0
61,0
95,0
1259,0
70,0
356,1
258,0
311,0
239,0
2692,1
79,0
117,0
121,0
675,1
71,0
103,0
230,0
100,0
192,0
87,0
448,0
285,0
92,0
54,0
154,0
184,0
196,0
185,0
98,0
590,0
782,1
342,0
151,0
383,0
249,0
93,0
134,0
215,0
60,0
188,0
83,0
187,0
777,1
84,0
21,0
160,0
61,0
53,0
82,0
208,0
84,0
962,1
105,0
98,0
166,0
111,0
481,1
148,0
106,0
101,0
75,0
75,0
114,0
24,0
20,0
234,0
15,0
13,0
81,0
435,0
59,0
175,0
150,0
43,0
52,0
67,0
85,0
11,0
13,0
153,0
87,0
46,0
283,0
69,0
616,0
69,0
160,0
165,0
13,0
141,0
346,0
79,0
175,0
11,0
98,0
125,0
11,0
5,0
12,0
812,1
8,0
194,0
130,0
68,0
110,0
87,0
517,0
350,0
921,0
217,0
749,0
630,1
81,0
85,0
468,0
55,0
28,0
207,0
27,0
1088,1
1150,1
570,0
404,0
75,0
232,0
190,0
37,0
84,0
92,0
384,0
321,0
394,0
451,0
117,0
508,0
60,0
207,0
107,0
196,0
106,0
413,0
15,0
81,0
125,0
543,0
91,0
14,0
130,0
151,0
104,0
468,0
69,0
79,0
225,0
102,0
183,0
65,0
395,0
291,0
49,0
474,0
118,0
30,0
28,0
221,0
30,0
216,0
149,0
110,0
374,0
108,0
244,0
196,0
74,0
81,0
19,0
126,0
129,0
51,0
61,0
100,0
574,1
181,0
23,0
242,0
167,0
35,0
203,0
140,0
128,0
128,0
119,0
234,0
56,0
27,0
15,0
47,0
46,0
144,0
175,0
208,0
180,0
307,0
51,0
121,0
73,0
120,0
127,0
114,0
106,0
725,1
105,0
115,0
114,0
92,0
6,0
123,0
22,0
253,0
57,0
126,0
38,0
77,0
349,0
36,0
543,0
114,0
49,0
61,0
77,0
81,0
122,0
56,0
53,0
94,0
126,0
118,0
60,0
227,0
662,1
727,1
219,0
79,0
231,0
49,0
201,0
221,0
168,0
258,0
240,0
119,0
59,0
156,0
131,0
189,0
107,0
122,0
73,0
216,0
148,0
46,0
145,0
52,0
38,0
126,0
166,0
106,0
62,0
45,0
53,0
225,0
268,0
52,0
609,0
83,0
79,0
462,0
847,0
857,1
188,0
80,0
50,0
255,0
92,0
245,0
83,0
55,0
548,0
281,0
81,0
35,0
69,0
51,0
829,1
367,0
612,1
25,0
184,0
284,0
187,0
128,0
150,0
124,0
47,0
249,0
74,0
119,0
88,0
434,0
288,0
109,0
388,0
1461,1
155,0
172,0
465,0
91,0
166,0
716,0
33,0
266,0
721,0
99,0
228,0
36,0
74,0
222,0
361,1
294,0
247,0
109,0
324,0
223,0
362,0
300,0
66,0
169,0
391,0
155,0
86,0
151,0
345,0
94,0
843,0
81,0
75,0
198,0
81,0
34,0
61,0
241,0
156,0
1739,0
345,0
111,0
166,0
28,0
119,0
209,0
733,0
44,0
18,0
444,0
744,0
196,0
190,0
245,0
22,0
13,0
59,0
108,0
134,0
58,0
32,0
9,0
37,0
90,0
20,0
33,0
18,0
66,0
23,0
19,0
37,0
51,0
21,0
294,0
65,0
70,0
18,0
77,0
9,0
17,0
393,0
22,0
10,0
454,0
89,0
11,0
37,0
48,0
10,0
67,0
58,0
272,0
164,0
55,0
530,0
17,0
16,0
14,0
153,0
8,0
69,0
8,0
43,0
106,0
255,0
251,0
30,0
21,0
55,0
16,0
9,0
237,0
58,0
115,0
189,0
56,0
114,0
213,0
70,0
368,0
10,0
135,0
48,0
35,0
14,0
68,0
22,0
5,0
160,0
21,0
5,0
33,0
6,0
149,0
40,0
46,0
9,0
39,0
280,0
350,0
65,0
37,0
49,0
470,0
262,0
124,0
576,0
10,0
306,0
101,0
108,0
67,0
16,0
94,0
24,0
18,0
77,0
747,0
299,0
42,0
40,0
10,0
9,0
92,0
92,0
130,0
18,0
83,0
8,0
28,0
14,0
8,0
443,0
214,0
258,0
86,0
248,0
536,0
148,0
18,0
90,0
78,0
60,0
50,0
9,0
61,0
5,0
5,0
12,0
1142,1
22,0
576,0
28,0
6,0
6,0
420,0
55,0
76,0
15,0
1721,1
39,0
85,0
32,0
31,0
9,0
52,0
31,0
45,0
43,0
84,0
17,0
28,0
34,0
48,0
29,0
27,0
652,0
110,0
19,0
41,0
6,0
12,0
143,0
14,0
11,0
153,0
35,0
73,0
135,0
50,0
7,0
127,0
29,0
9,0
148,0
78,0
156,0
160,0
531,0
104,0
116,0
149,0
272,0
208,0
222,0
311,0
163,0
89,0
53,0
71,0
227,0
81,0
96,0
436,0
157,0
498,0
147,0
846,1
164,0
117,0
160,0
243,0
221,0
629,0
240,0
79,0
148,0
144,0
70,0
68,0
157,0
72,0
94,0
149,0
151,0
302,0
408,0
270,0
139,0
148,0
73,0
136,0
121,0
130,0
167,0
144,0
174,0
39,0
142,0
86,0
417,0
216,0
119,0
372,0
606,0
200,0
96,0
244,0
134,0
107,0
198,0
307,0
93,0
90,0
64,0
138,0
79,0
58,0
230,0
68,0
96,0
413,0
679,0
160,0
315,0
20,0
177,0
488,0
824,0
506,0
166,0
50,0
432,0
372,0
1110,1
184,0
148,0
166,0
90,0
551,0
422,0
69,0
68,0
122,0
44,0
157,0
653,0
149,0
161,0
58,0
86,0
91,0
108,0
112,0
165,0
357,0
282,0
144,0
258,0
341,0
115,0
178,0
298,0
154,0
151,0
333,0
143,0
135,0
182,0
36,0
328,0
378,0
244,0
230,0
958,0
171,0
99,0
190,0
170,0
482,0
130,0
151,0
190,0
140,0
110,0
84,0
281,0
67,0
91,0
368,0
146,0
198,0
370,0
337,0
230,0
686,0
365,0
597,0
441,0
857,0
753,0
101,0
186,0
410,0
430,0
251,0
357,0
211,0
652,1
177,0
183,0
1488,1
145,0
413,0
114,0
428,0
133,0
142,0
250,0
125,0
276,0
377,0
487,1
641,1
126,0
519,0
76,0
837,1
222,0
117,0
91,0
314,0
553,1
976,1
114,0
122,0
86,0
91,0
36,0
422,0
794,1
145,0
139,0
241,0
69,0
58,0
836,1
269,0
67,0
195,0
137,0
148,0
448,0
162,0
335,0
140,0
171,0
356,0
130,0
545,0
135,0
1134,1
155,0
188,0
164,0
409,0
607,1
328,0
131,0
88,0
175,0
124,0
148,0
146,0
97,0
162,0
54,0
109,0
114,0
268,0
115,0
348,0
1186,1
197,0
198,0
111,0
123,0
790,0
142,0
122,0
163,0
174,0
183,0
157,0
196,0
159,0
482,0
92,0
297,0
229,0
138,0
231,0
105,0
238,0
178,0
278,0
156,0
286,0
334,0
222,0
95,0
148,0
177,0
104,0
195,0
182,0
56,0
68,0
297,0
720,1
231,0
126,0
67,0
316,0
202,0
149,0
168,0
683,0
176,0
66,0
935,1
320,0
165,0
241,0
199,0
622,0
158,0
531,1
141,0
414,0
339,0
68,0
123,0
766,1
27,0
85,0
229,0
112,0
704,0
104,0
409,0
106,0
1311,1
223,0
166,0
287,0
109,0
291,0
307,0
451,0
33,0
239,0
318,0
101,0
80,0
117,0
193,0
153,0
132,0
203,0
344,0
197,0
112,0
101,0
1332,1
155,0
618,1
1110,0
445,0
504,0
385,0
425,0
134,0
56,0
121,0
214,0
129,0
146,0
211,0
513,0
371,0
419,1
210,0
459,0
263,0
332,0
150,0
131,0
1227,1
507,0
608,0
295,0
178,0
147,0
307,0
109,0
1197,0
1208,1
78,0
223,0
996,0
92,0
115,0
78,0
116,0
314,0
384,0
46,0
1357,1
125,0
376,0
455,1
146,0
81,0
205,0
192,0
269,0
406,1
103,0
84,0
175,0
902,1
273,0
92,0
347,0
120,0
80,0
153,0
218,0
43,0
174,0
140,0
277,0
898,0
637,1
251,0
71,0
115,0
142,0
224,0
254,0
128,0
189,0
90,0
134,0
190,0
165,0
89,0
311,0
81,0
501,1
165,0
209,0
50,0
58,0
182,0
499,0
720,1
224,0
113,0
952,1
38,0
81,0
102,0
184,0
397,1
102,0
159,0
117,0
194,0
281,0
585,0
139,0
244,0
219,0
65,0
71,0
358,0
163,0
81,0
64,0
359,0
211,0
133,0
131,0
467,0
225,0
91,0
763,1
184,0
122,0
123,0
103,0
649,1
88,0
89,0
221,0
126,0
166,0
165,0
68,0
127,0
169,0
78,0
302,0
400,0
375,0
329,0
119,0
341,0
246,0
181,0
127,0
212,0
547,1
124,0
148,0
174,0
113,0
68,0
232,0
376,0
199,0
179,0
150,0
2191,0
185,0
166,0
275,0
388,0
165,0
89,0
111,0
254,0
344,0
1044,1
90,0
244,0
84,0
290,0
136,0
365,0
384,0
732,0
168,0
100,0
136,0
301,0
118,0
184,0
44,0
45,0
411,0
120,0
188,0
72,0
128,0
135,0
90,0
102,0
265,0
198,0
170,0
312,0
438,0
601,0
83,0
39,0
163,0
131,0
127,0
168,0
64,0
55,0
378,0
308,0
432,0
240,0
115,0
851,0
291,0
224,0
165,0
126,0
996,1
83,0
108,0
175,0
536,0
1552,1
742,1
171,0
203,0
132,0
588,0
245,0
311,0
175,0
72,0
101,0
184,0
147,0
192,0
275,0
269,0
209,0
130,0
276,0
54,0
83,0
160,0
459,0
739,1
21,0
252,0
322,0
54,0
406,0
127,0
395,0
286,0
433,0
57,0
292,0
562,0
176,0
293,0
543,0
685,0
45,0
61,0
227,0
79,0
426,0
80,0
236,0
626,0
105,0
275,0
178,0
54,0
226,0
181,0
244,0
131,0
132,0
135,0
210,0
107,0
1250,1
40,0
1471,1
1456,1
122,0
108,0
110,0
186,0
297,0
157,0
93,0
91,0
1288,1
187,0
59,0
420,0
117,0
82,0
122,0
91,0
64,0
67,0
267,0
74,0
131,0
318,0
78,0
402,0
133,0
123,0
132,0
51,0
51,0
163,0
666,0
395,1
326,0
292,0
663,1
126,0
387,0
108,0
135,0
142,0
85,0
287,0
1056,1
48,0
253,0
228,0
124,0
358,0
239,0
84,0
262,0
224,0
274,0
22,0
309,0
128,0
131,0
159,0
111,0
63,0
30,0
1462,0
205,0
165,0
152,0
225,0
228,0
36,0
199,0
154,0
163,0
566,1
105,0
1834,0
398,0
131,0
148,0
674,1
306,0
196,0
1327,1
46,0
235,0
177,0
359,0
71,0
173,0
526,1
401,1
122,0
140,0
95,0
86,0
144,0
116,0
67,0
92,0
118,0
155,0
137,0
85,0
251,0
88,0
137,0
73,0
92,0
125,0
257,0
100,0
86,0
87,0
493,0
102,0
82,0
169,0
181,0
64,0
156,0
296,0
57,0
14,0
185,0
306,0
61,0
122,0
150,0
229,0
103,0
94,0
203,0
90,0
111,0
106,0
64,0
105,0
244,0
204,0
197,0
119,0
88,0
231,0
112,0
216,0
252,0
259,0
133,0
89,0
504,0
84,0
84,0
187,0
266,0
155,0
99,0
643,0
107,0
90,0
122,0
89,0
109,0
228,0
30,0
76,0
1321,1
797,1
407,0
276,0
59,0
168,0
90,0
205,0
436,0
190,0
360,0
218,0
174,0
254,0
73,0
107,0
214,0
82,0
65,0
194,0
67,0
118,0
105,0
139,0
72,0
266,0
118,0
140,0
3422,0
238,0
142,0
159,0
20,0
152,0
314,0
414,0
122,0
163,0
115,0
83,0
108,0
1230,0
118,0
101,0
110,0
117,0
74,0
165,0
446,0
201,0
126,0
481,0
166,0
429,1
105,0
408,0
198,0
180,0
184,0
339,0
291,0
117,0
162,0
402,0
235,0
324,0
876,1
321,0
72,0
524,0
122,0
235,0
248,0
409,0
642,0
61,0
84,0
181,0
1934,0
88,0
452,0
524,0
124,0
51,0
365,0
82,0
90,0
448,0
262,0
37,0
217,0
123,0
336,0
197,0
242,0
773,1
142,0
147,0
161,0
1336,1
124,0
260,0
111,0
96,0
191,0
293,0
107,0
534,0
158,0
256,0
123,0
259,0
173,0
452,1
163,0
430,0
258,0
163,0
265,0
35,0
191,0
152,0
93,0
385,0
82,0
112,0
419,0
82,0
390,0
185,0
160,0
218,0
721,0
201,0
215,0
152,0
36,0
90,0
94,0
174,0
153,0
116,0
231,0
129,0
193,1
138,0
188,0
191,0
1306,1
243,1
96,0
188,0
126,0
130,0
58,0
117,0
52,0
550,0
130,0
161,0
50,0
135,0
207,0
133,0
282,0
442,0
299,0
146,0
147,0
82,0
31,0
292,0
161,0
161,0
169,0
207,0
205,0
102,0
106,0
243,0
60,0
166,0
207,0
193,0
129,0
502,0
49,0
126,0
31,0
155,0
93,0
85,0
215,0
75,0
118,0
191,0
111,0
87,0
102,0
261,0
150,0
258,0
241,0
94,0
109,0
97,0
994,1
257,0
175,0
112,0
75,0
172,0
41,0
169,0
198,0
151,0
507,1
197,0
130,0
84,0
118,0
257,0
784,1
89,0
172,0
151,0
183,0
80,0
80,0
45,0
249,0
472,0
150,0
111,0
298,0
31,0
353,0
201,0
104,0
74,0
75,0
189,0
385,0
233,0
124,0
86,0
95,0
34,0
324,0
88,0
156,0
124,0
163,0
235,0
254,0
316,0
151,0
109,0
809,1
138,0
112,0
94,0
70,0
49,0
523,1
108,0
321,0
224,0
309,0
177,0
109,0
348,0
433,0
124,0
167,0
248,0
103,0
417,0
111,0
200,0
189,0
201,0
50,0
107,0
192,0
521,0
253,0
172,0
63,0
73,0
419,1
118,0
169,0
142,0
385,0
215,0
100,0
117,0
629,0
82,0
133,0
876,0
61,0
125,0
81,0
236,0
194,0
229,0
445,0
148,0
140,0
129,0
124,0
131,0
91,0
362,0
16,0
108,0
176,0
51,0
310,0
153,0
780,1
66,0
46,0
155,0
185,0
255,0
459,1
153,0
87,0
62,0
71,0
147,0
97,0
335,0
100,0
119,0
116,0
178,0
156,0
173,0
74,0
79,0
193,0
93,0
1000,1
494,0
172,0
273,0
519,1
167,0
88,0
191,0
63,0
204,0
127,0
83,0
136,0
52,0
448,0
528,0
140,0
733,1
88,0
580,1
93,0
80,0
72,0
258,0
848,1
173,0
406,0
229,0
604,0
1242,1
899,0
889,0
420,0
515,0
79,0
71,0
27,0
358,0
498,0
114,0
327,0
179,0
306,0
189,0
455,0
390,0
209,0
231,0
922,1
1206,1
219,0
424,0
188,0
492,0
174,0
453,0
59,0
263,0
57,0
329,0
166,0
72,0
334,0
108,0
1567,0
765,0
89,0
170,0
314,0
14,0
148,0
116,0
17,0
293,0
445,0
262,0
45,0
120,0
46,0
343,0
697,0
67,0
171,0
57,0
326,0
70,0
716,1
67,0
209,0
367,0
255,0
258,0
72,0
99,0
92,0
177,0
413,0
144,0
144,0
102,0
155,0
145,0
77,0
210,0
106,0
105,0
98,0
588,0
73,0
106,0
104,0
73,0
111,0
303,0
39,0
86,0
217,0
55,0
72,0
97,0
667,0
347,0
33,0
212,0
165,0
382,0
226,0
47,0
103,0
147,0
386,1
45,0
121,0
116,0
126,0
607,0
269,0
505,0
82,0
71,0
218,0
758,1
270,0
187,0
565,0
226,0
172,0
72,0
164,0
55,0
69,0
323,0
123,0
138,0
243,0
163,0
166,0
82,0
102,0
555,1
179,0
187,0
123,0
257,0
155,0
90,0
275,0
111,0
99,0
57,0
101,0
72,0
104,0
210,0
384,1
273,0
70,0
71,0
97,0
237,0
116,0
72,0
170,0
217,0
169,0
97,0
79,0
119,0
86,0
56,0
149,0
246,0
155,0
139,0
160,0
356,0
135,0
128,0
135,0
309,0
250,0
545,1
316,0
168,0
230,0
72,0
204,0
61,0
52,0
242,0
194,0
111,0
90,0
126,0
317,0
105,0
228,0
76,0
149,0
331,0
86,0
1070,1
209,0
610,1
174,0
140,0
139,0
51,0
699,1
591,0
452,0
225,0
65,0
53,0
102,0
389,0
176,0
917,1
275,0
36,0
247,0
63,0
104,0
55,0
272,0
1099,0
331,0
79,0
108,0
83,0
79,0
177,0
146,0
104,0
103,0
145,0
230,0
289,0
216,0
189,0
130,0
744,1
185,0
608,1
163,0
214,0
33,0
105,0
121,0
80,0
566,0
468,0
182,0
317,0
370,0
120,0
103,0
63,0
27,0
69,0
1141,1
378,0
92,0
135,0
734,1
153,0
133,0
262,0
1238,1
149,0
382,0
55,0
383,0
280,0
93,0
76,0
121,0
176,0
187,0
246,0
107,0
132,0
109,0
381,0
445,0
129,0
71,0
80,0
720,1
64,0
173,0
190,0
90,0
139,0
549,0
265,0
61,0
67,0
126,0
429,0
117,0
154,0
77,0
221,0
148,0
118,0
80,0
214,0
248,0
240,0
385,0
249,0
104,0
124,0
117,0
312,0
271,0
95,0
157,0
1144,0
67,0
108,0
345,0
101,0
304,0
38,0
663,1
95,0
268,0
133,0
339,0
106,0
209,0
94,0
862,0
236,0
444,1
239,0
418,1
277,0
231,0
481,0
157,0
277,0
101,0
154,0
295,0
247,0
164,0
270,0
1080,1
159,0
217,0
40,0
179,0
1504,0
85,0
320,0
48,0
342,0
566,0
356,0
159,0
479,1
236,0
226,0
91,0
154,0
101,0
509,0
161,0
204,0
64,0
506,1
80,0
219,0
96,0
246,0
92,0
150,0
359,0
72,0
138,0
614,0
327,0
439,0
144,0
56,0
106,0
112,0
75,0
348,0
132,0
191,0
428,0
82,0
172,0
127,0
768,1
185,0
336,0
1134,1
76,0
81,0
120,0
64,0
178,0
158,0
51,0
235,0
256,0
1282,1
364,0
168,0
138,0
68,0
96,0
234,0
237,0
181,0
106,0
110,0
122,0
52,0
126,0
815,1
95,0
73,0
116,0
365,0
63,0
250,0
213,0
126,0
63,0
68,0
74,0
77,0
29,0
147,0
867,0
124,0
117,0
971,1
139,0
105,0
196,0
105,0
193,0
227,0
232,0
95,0
80,0
101,0
138,0
148,0
396,1
121,0
174,0
603,0
69,0
87,0
106,0
100,0
138,0
155,0
123,0
338,0
507,1
104,0
85,0
177,0
207,0
150,0
105,0
126,0
130,0
603,0
66,0
240,0
109,0
439,1
217,0
107,0
252,0
73,0
61,0
73,0
80,0
197,0
171,0
436,0
119,0
129,0
152,0
131,0
150,0
128,0
56,0
64,0
108,0
84,0
157,0
312,0
231,0
121,0
370,0
201,0
234,0
191,0
433,0
1181,1
92,0
1133,1
76,0
91,0
536,0
398,0
104,0
297,0
193,0
127,0
72,0
137,0
58,0
926,1
117,0
121,0
226,0
355,0
587,1
111,0
139,0
83,0
97,0
632,0
186,0
112,0
225,0
253,0
112,0
284,0
306,0
696,1
66,0
114,0
105,0
578,0
116,0
464,0
134,0
158,0
645,1
246,0
473,1
304,0
559,1
264,0
100,0
1092,1
174,0
127,0
128,0
1344,1
127,0
218,0
178,0
1307,1
153,0
1344,1
168,0
213,0
978,1
781,0
588,0
75,0
145,0
42,0
50,0
432,1
454,0
1613,1
141,0
439,0
136,0
864,0
474,0
216,0
459,0
128,0
418,0
226,0
252,0
134,0
140,0
180,0
483,0
409,0
222,0
664,1
612,0
129,0
1735,1
243,0
178,0
124,0
284,0
129,0
228,0
940,1
460,0
796,1
136,0
58,0
465,0
112,0
204,0
711,0
121,0
83,0
321,0
1476,0
204,0
161,0
120,0
507,0
77,0
767,0
388,0
106,0
168,0
239,0
139,0
78,0
536,0
295,0
224,0
156,0
206,0
317,0
176,0
69,0
244,0
114,0
132,0
186,0
128,0
78,0
128,0
100,0
96,0
1842,1
332,0
159,0
127,0
303,0
969,1
295,0
157,0
823,1
58,0
703,1
618,1
370,0
55,0
225,0
460,0
93,0
455,1
214,0
139,0
57,0
107,0
239,0
142,0
287,0
86,0
258,0
185,0
458,0
211,0
73,0
121,0
900,0
143,0
334,0
112,0
88,0
123,0
106,0
115,0
73,0
71,0
110,0
846,1
334,0
105,0
109,0
110,0
233,0
57,0
96,0
58,0
227,0
127,0
283,0
104,0
206,0
91,0
170,0
460,0
690,0
100,0
127,0
192,0
114,0
159,0
183,0
80,0
144,0
132,0
86,0
269,0
73,0
261,0
409,0
100,0
60,0
165,0
94,0
325,0
88,0
201,0
182,0
403,0
1149,1
130,0
827,1
119,0
286,0
271,0
169,0
143,0
81,0
145,0
641,1
62,0
151,0
87,0
202,0
270,0
299,0
404,1
657,1
180,0
203,0
66,0
78,0
78,0
79,0
250,0
707,1
141,0
737,1
150,0
324,0
156,0
112,0
328,0
156,0
376,0
260,0
871,1
89,0
110,0
175,0
122,0
145,0
98,0
165,0
838,1
684,0
310,0
98,0
79,0
15,0
1038,1
559,0
136,0
733,0
713,0
243,0
104,0
517,0
217,0
195,0
343,0
116,0
96,0
111,0
158,0
92,0
327,0
990,1
523,0
160,0
152,0
69,0
144,0
529,1
363,0
76,0
342,0
306,1
31,0
75,0
111,0
68,0
1148,1
257,0
99,0
356,0
212,0
139,0
490,0
175,0
130,0
121,0
78,0
73,0
84,0
168,0
388,0
99,0
418,0
222,0
73,0
202,0
394,0
109,0
233,0
338,0
107,0
163,0
86,0
83,0
399,0
274,0
150,0
209,0
67,0
75,0
181,0
413,0
58,0
399,0
48,0
275,0
449,0
536,0
158,0
113,0
127,0
740,0
75,0
178,0
65,0
152,0
464,0
96,0
64,0
76,0
106,0
81,0
169,0
103,0
82,0
152,0
90,0
115,0
67,0
175,0
110,0
123,0
719,0
125,0
259,0
81,0
373,0
36,0
157,0
133,0
106,0
707,1
144,0
360,0
55,0
87,0
266,0
149,0
366,0
87,0
96,0
85,0
169,0
250,0
109,0
206,0
184,0
41,0
252,0
154,0
103,0
137,0
238,0
55,0
125,0
98,0
107,0
71,0
151,0
169,0
167,0
114,0
50,0
47,0
92,0
228,0
293,0
98,0
205,0
107,0
260,0
152,0
200,0
127,0
10,0
273,0
101,0
465,0
145,0
593,1
93,0
141,0
155,0
370,0
111,0
159,0
1217,0
313,0
38,0
213,0
297,0
128,0
812,1
356,0
605,0
86,0
935,0
143,0
92,0
414,0
95,0
127,0
103,0
69,0
90,0
148,0
110,0
515,0
214,0
457,0
421,0
240,0
112,0
374,0
423,0
503,0
158,0
95,0
67,0
93,0
230,0
113,0
103,0
106,0
294,0
165,0
59,0
51,0
56,0
108,0
89,0
174,0
112,0
146,0
406,0
518,1
272,0
168,0
314,0
260,0
85,0
87,0
90,0
505,1
104,0
511,0
187,0
197,0
78,0
118,0
343,0
221,0
280,0
265,0
158,0
206,0
133,0
159,0
924,0
145,0
85,0
64,0
214,0
834,1
3322,0
153,0
136,0
366,0
260,0
107,0
1184,1
208,0
698,1
11,0
433,0
134,0
80,0
95,0
201,0
1151,1
189,0
168,0
61,0
388,0
122,0
448,0
60,0
167,0
92,0
350,0
449,0
158,0
388,0
145,0
112,0
217,0
153,0
337,0
94,0
425,0
377,0
52,0
168,0
1231,1
41,0
347,0
789,0
636,0
34,0
65,0
128,0
884,1
63,0
187,0
170,0
129,0
277,0
84,0
219,0
38,0
244,0
155,0
91,0
31,0
65,0
120,0
49,0
365,0
248,0
101,0
85,0
178,0
138,0
234,0
753,1
904,1
478,0
124,0
227,0
226,0
163,0
306,0
89,0
137,0
244,0
64,0
386,0
110,0
136,0
286,0
119,0
109,0
86,0
211,0
126,0
314,0
253,0
390,0
204,0
45,0
109,0
127,0
76,0
1579,1
96,0
1871,0
92,0
125,0
618,1
90,0
773,1
762,1
139,0
671,1
181,0
54,0
59,0
299,0
92,0
73,0
638,1
594,1
105,0
180,0
140,0
458,0
195,0
87,0
197,0
203,0
131,0
251,0
68,0
109,0
114,0
124,0
105,0
108,0
113,0
161,0
233,0
882,1
115,0
341,0
145,0
26,0
151,0
85,0
313,0
230,0
157,0
393,0
111,0
84,0
51,0
528,1
73,0
71,0
70,0
146,0
151,0
74,0
266,0
452,0
347,0
114,0
34,0
113,0
122,0
48,0
80,0
104,0
94,0
70,0
121,0
145,0
61,0
143,0
172,0
71,0
45,0
91,0
513,0
92,0
89,0
96,0
115,0
121,0
119,0
176,0
507,0
69,0
98,0
195,0
104,0
515,0
86,0
40,0
100,0
27,0
97,0
166,0
309,1
113,0
124,0
207,0
90,0
100,0
219,0
129,0
128,0
75,0
67,0
111,0
498,0
203,0
96,0
111,0
245,0
585,0
140,0
240,0
235,0
98,0
129,0
315,0
147,0
134,0
95,0
63,0
431,0
29,0
197,0
93,0
697,1
168,0
280,0
80,0
209,0
201,0
119,0
306,0
161,0
36,0
29,0
79,0
192,0
199,0
144,0
702,0
331,0
111,0
471,0
142,0
58,0
68,0
79,0
102,0
87,0
128,0
114,0
170,0
101,0
263,0
80,0
52,0
254,0
571,0
173,0
150,0
70,0
204,0
130,0
191,0
147,0
65,0
781,0
74,0
80,0
66,0
91,0
280,0
956,1
346,0
212,0
143,0
93,0
65,0
103,0
119,0
271,0
223,0
199,0
1126,0
514,0
75,0
392,0
150,0
151,0
215,0
547,0
100,0
85,0
180,0
86,0
22,0
75,0
134,0
82,0
984,0
256,0
249,0
48,0
62,0
725,0
384,1
377,0
417,0
201,0
261,0
155,0
128,0
103,0
178,0
16,0
135,0
202,0
37,0
149,0
35,0
1364,0
166,0
286,0
213,0
59,0
207,0
73,0
1559,0
194,1
192,0
304,0
89,0
124,0
67,0
174,0
457,0
405,0
350,0
123,0
395,0
312,0
779,0
92,0
374,0
76,0
119,0
296,0
193,0
87,0
243,0
835,0
724,1
159,0
445,0
244,0
212,0
119,0
176,0
241,0
314,0
96,0
43,0
127,0
729,0
285,0
393,0
153,0
189,0
129,0
195,0
199,0
298,0
43,0
273,0
37,0
693,0
575,0
99,0
247,0
139,0
97,0
151,0
192,0
120,0
607,0
141,0
116,0
102,0
58,0
208,0
203,0
173,0
122,0
286,0
645,1
177,0
158,0
83,0
125,0
112,0
64,0
74,0
54,0
255,0
133,0
245,0
134,0
56,0
787,0
269,0
87,0
124,0
78,0
162,0
118,0
432,0
331,0
87,0
70,0
222,0
213,0
166,0
103,0
55,0
173,0
215,0
104,0
361,0
223,0
235,0
96,0
210,0
276,0
671,0
156,0
83,0
189,0
144,0
151,0
51,0
161,0
91,0
344,0
284,0
75,0
298,0
141,0
134,0
295,0
198,0
199,0
92,0
504,0
113,0
189,0
121,0
264,0
1293,1
359,0
150,0
74,0
227,0
129,0
125,0
323,0
234,0
101,0
193,0
128,0
260,0
133,0
242,0
501,0
109,0
339,0
149,0
76,0
256,0
332,0
111,0
290,0
58,0
80,0
186,0
195,0
119,0
115,0
145,0
145,0
126,0
100,0
204,0
178,0
202,0
41,0
125,0
225,0
160,0
139,0
118,0
97,0
127,0
391,0
143,0
166,0
130,0
398,0
276,0
159,0
452,0
73,0
129,0
195,0
167,0
306,0
117,0
194,0
133,0
156,0
679,0
175,0
190,0
109,0
409,0
176,0
122,0
406,0
598,0
92,0
113,0
222,0
183,0
90,0
188,0
275,0
96,0
21,0
163,0
28,0
950,1
56,0
679,0
99,0
129,0
120,0
35,0
687,1
74,0
94,0
224,0
158,0
292,0
208,0
121,0
163,0
155,0
73,0
469,0
115,0
146,0
1241,0
299,0
128,0
209,0
166,0
131,0
587,0
58,0
191,0
274,0
126,0
171,0
80,0
95,0
128,0
220,0
168,0
360,0
66,0
133,0
12,0
120,0
69,0
119,0
258,0
195,0
696,0
434,0
105,0
172,0
387,0
377,0
243,0
60,0
91,0
103,0
281,0
110,0
100,0
111,0
144,0
205,0
528,0
292,0
116,0
120,0
102,0
92,0
108,0
124,0
142,0
79,0
41,0
153,0
551,0
98,0
97,0
181,0
386,0
135,0
349,0
358,0
154,0
153,0
197,0
245,0
168,0
111,0
288,0
69,0
438,0
28,0
280,0
15,0
824,0
451,0
194,0
385,0
99,0
471,0
486,0
156,0
53,0
933,1
139,0
40,0
328,0
19,0
144,0
42,0
1059,0
117,0
149,0
1032,1
231,0
80,0
141,0
474,0
153,0
98,0
405,0
202,0
294,0
178,0
130,0
264,0
729,0
18,0
285,0
367,0
86,0
155,0
88,0
220,0
174,0
134,0
88,0
199,0
178,0
373,0
211,0
173,0
68,0
44,0
285,0
302,0
171,0
158,0
271,0
59,0
61,0
61,0
105,0
118,0
392,0
313,0
82,0
109,0
78,0
121,0
97,0
37,0
221,0
105,0
329,0
268,0
160,0
332,0
205,0
398,0
599,0
102,0
82,0
290,1
109,0
238,0
249,0
629,0
137,0
231,0
119,0
308,0
609,0
147,0
123,0
57,0
199,0
219,0
386,0
112,0
706,0
173,0
228,0
207,0
347,0
256,0
85,0
117,0
60,0
207,0
187,0
166,0
152,0
93,0
54,0
836,1
242,0
235,0
132,0
561,0
303,0
343,0
159,0
173,0
595,0
1200,0
695,0
100,0
103,0
480,1
46,0
125,0
108,0
131,0
129,0
118,0
113,0
80,0
83,0
150,0
582,0
68,0
190,0
117,0
143,0
183,0
264,0
216,0
127,0
43,0
154,0
649,1
155,0
72,0
162,0
30,0
89,0
81,0
50,0
134,0
86,0
142,0
64,0
377,0
73,0
55,0
76,0
240,0
153,0
160,0
120,0
68,0
104,0
87,0
256,0
322,0
156,0
50,0
132,0
64,0
18,0
483,0
212,0
64,0
329,0
239,0
90,0
129,0
150,0
295,0
60,0
25,0
133,0
127,0
138,0
391,0
228,0
128,0
140,0
88,0
243,0
97,0
192,0
340,0
921,1
157,0
142,0
84,0
113,0
500,0
179,0
53,0
195,0
155,0
72,0
467,1
112,0
83,0
70,0
231,0
312,0
543,1
152,0
124,0
158,0
82,0
110,0
90,0
104,0
80,0
428,0
193,0
158,0
97,0
339,0
351,0
202,0
153,0
203,0
552,1
106,0
79,0
117,0
89,0
322,0
60,0
93,0
1044,1
387,0
162,0
875,1
108,0
414,0
552,0
209,0
263,0
185,0
71,0
105,0
75,0
360,0
219,0
157,0
102,0
113,0
196,0
118,0
94,0
138,0
204,0
535,0
136,0
112,0
107,0
160,0
103,0
359,0
123,0
277,0
88,0
588,1
332,0
184,0
237,0
49,0
122,0
215,0
25,0
211,0
233,0
71,0
172,0
100,0
113,0
119,0
87,0
111,0
200,0
214,0
763,1
889,0
95,0
195,0
210,0
413,0
97,0
472,0
157,0
352,0
171,0
78,0
212,0
72,0
76,0
112,0
161,0
140,0
599,0
536,1
75,0
1740,0
56,0
513,0
744,0
177,0
184,0
62,0
194,0
94,0
88,0
398,0
259,0
77,0
329,0
239,0
414,0
252,0
90,0
116,0
113,0
127,0
447,0
88,0
157,0
15,0
173,0
203,0
471,0
82,0
162,0
174,0
188,0
1408,1
132,0
70,0
293,0
102,0
118,0
584,0
718,1
174,0
58,0
69,0
797,0
95,0
94,0
921,1
605,0
174,0
111,0
245,0
443,0
176,0
156,0
552,0
280,0
243,0
358,0
430,0
132,0
380,0
327,0
627,1
251,0
175,0
687,0
395,0
696,0
175,0
304,0
129,0
132,0
291,0
420,0
216,0
975,0
881,0
157,0
92,0
135,0
252,0
93,0
68,0
174,0
170,0
165,0
89,0
141,0
237,0
67,0
116,0
896,0
53,0
625,1
147,0
63,0
76,0
79,0
113,0
133,0
559,0
273,0
83,0
37,0
113,0
50,0
66,0
209,0
703,1
345,0
138,0
341,0
78,0
210,0
41,0
134,0
208,0
109,0
66,0
125,0
173,0
188,0
160,0
124,0
99,0
196,0
381,0
83,0
126,0
181,0
221,0
195,0
226,0
678,0
44,0
46,0
278,0
162,0
225,0
153,0
77,0
96,0
135,0
99,0
96,0
1464,0
111,0
320,0
220,0
111,0
462,0
92,0
432,0
286,0
169,0
182,0
96,0
398,0
163,0
444,0
310,0
209,0
189,0
147,0
444,0
199,0
151,0
66,0
115,0
246,0
63,0
971,0
210,0
79,0
311,0
140,0
137,0
98,0
218,0
152,0
102,0
211,0
331,0
238,0
164,0
250,0
150,0
82,0
396,0
351,0
273,0
246,0
103,0
121,0
429,0
167,0
139,0
120,0
118,0
101,0
133,0
180,0
676,0
84,0
40,0
1503,1
62,0
384,0
82,0
134,0
292,0
120,0
115,0
234,0
129,0
135,0
101,0
126,0
644,1
161,0
139,0
168,0
111,0
776,0
173,0
65,0
93,0
153,0
223,0
62,0
159,0
141,0
104,0
136,0
376,0
140,0
119,0
117,0
126,0
148,0
4199,1
65,0
76,0
588,0
121,0
151,0
913,1
1111,0
282,0
656,0
265,0
119,0
97,0
76,0
243,0
321,0
162,0
183,0
299,0
179,0
64,0
124,0
335,0
115,0
169,0
90,0
244,0
194,0
819,1
134,0
139,0
120,0
104,0
297,0
91,0
135,0
123,0
136,0
59,0
166,0
545,0
137,0
1505,1
58,0
788,1
230,0
86,0
140,0
212,0
168,0
898,0
318,0
180,0
241,0
238,0
176,0
97,0
43,0
122,0
12,0
119,0
172,0
419,0
575,0
238,0
76,0
107,0
82,0
175,0
156,0
89,0
188,0
181,0
660,0
111,0
946,1
55,0
1532,1
435,0
283,0
202,0
120,0
67,0
394,0
1026,0
114,0
93,0
88,0
87,0
140,0
508,0
91,0
239,0
719,0
71,0
177,0
381,0
381,0
793,1
191,0
45,0
133,0
144,0
114,0
870,0
70,0
87,0
129,0
511,0
500,0
48,0
362,0
121,0
127,0
132,0
161,0
154,0
190,0
68,0
81,0
396,0
274,0
151,0
150,0
227,0
242,0
200,0
360,0
126,0
224,0
271,0
256,0
686,1
415,0
165,0
183,0
301,0
94,0
176,0
42,0
294,0
764,0
93,0
239,0
159,0
231,0
1877,1
77,0
310,0
140,0
142,0
184,0
102,0
169,0
120,0
314,0
189,0
126,0
142,0
148,0
368,0
299,0
196,0
1117,1
280,0
42,0
300,0
160,0
122,0
162,0
379,0
195,0
494,0
129,0
163,0
794,0
36,0
46,0
331,0
153,0
269,0
159,0
202,0
92,0
351,0
239,0
64,0
82,0
97,0
202,0
242,0
360,0
168,0
169,0
118,0
152,0
203,0
136,0
974,1
122,0
343,0
76,0
142,0
93,0
122,0
99,0
41,0
154,0
586,0
1123,1
127,0
87,0
57,0
167,0
138,0
491,0
111,0
78,0
40,0
34,0
83,0
306,0
95,0
67,0
644,0
57,0
140,0
119,0
576,1
579,1
136,0
336,1
313,0
1241,0
147,0
136,0
73,0
119,0
134,0
109,0
739,1
65,0
326,0
314,0
80,0
252,0
227,0
158,0
164,0
86,0
246,0
77,0
393,0
296,0
234,0
90,0
305,0
82,0
54,0
254,0
520,1
157,0
119,0
192,0
229,0
16,0
215,0
107,0
125,0
146,0
705,0
33,0
205,0
94,0
73,0
107,0
77,0
177,0
944,0
139,0
119,0
492,0
213,0
82,0
125,0
83,0
115,0
1258,1
80,0
190,0
188,0
82,0
115,0
78,0
362,0
528,1
73,0
136,0
119,0
314,0
150,0
79,0
257,0
69,0
129,0
1329,1
66,0
358,0
73,0
55,0
268,0
63,0
111,0
72,0
73,0
160,0
67,0
65,0
101,0
192,0
286,0
109,0
73,0
85,0
78,0
64,0
197,0
64,0
46,0
278,0
1197,0
164,0
171,0
168,0
114,0
220,0
72,0
92,0
58,0
131,0
80,0
92,0
205,0
168,0
565,1
572,0
336,0
232,0
251,0
239,0
243,0
147,0
91,0
217,0
149,0
128,0
112,0
742,0
200,0
55,0
604,1
22,0
239,0
137,0
119,0
1809,0
47,0
48,0
65,0
102,0
180,0
243,0
79,0
187,0
120,0
142,0
101,0
508,0
163,0
27,0
651,0
71,0
233,0
557,0
247,0
208,0
379,0
295,0
212,0
115,0
77,0
238,0
81,0
251,0
374,0
117,0
73,0
361,0
107,0
72,0
171,0
66,0
199,0
209,0
239,0
69,0
152,0
198,0
195,0
234,0
385,0
371,0
50,0
714,0
629,0
91,0
10,0
132,0
155,0
1241,1
217,0
219,0
28,0
61,0
80,0
117,0
607,0
186,0
538,0
337,0
527,0
73,0
173,0
81,0
291,0
222,0
277,0
175,0
309,0
97,0
511,0
55,0
173,0
82,0
346,0
215,0
347,0
154,0
618,0
203,0
460,0
105,0
157,0
122,0
129,0
661,0
296,0
323,0
112,0
78,0
79,0
30,0
602,0
75,0
332,0
314,0
121,0
436,0
186,0
270,0
123,0
215,0
105,0
192,0
263,0
143,0
153,0
289,0
34,0
239,0
78,0
309,0
353,0
145,0
246,0
101,0
222,0
166,0
98,0
140,0
58,0
547,0
132,0
155,0
120,0
379,0
182,0
195,0
177,0
90,0
263,0
398,0
160,0
82,0
207,0
160,0
109,0
142,0
197,0
9,0
148,0
209,0
94,0
1366,0
124,0
121,0
306,0
173,0
268,0
155,0
176,0
112,0
873,1
135,0
208,0
138,0
148,0
200,0
311,0
56,0
116,0
139,0
87,0
61,0
626,1
103,0
116,0
162,0
109,0
48,0
540,0
122,0
342,0
191,0
288,0
209,0
91,0
196,0
110,0
115,0
57,0
102,0
88,0
68,0
78,0
160,0
472,0
205,0
63,0
132,0
85,0
425,0
50,0
363,1
129,0
66,0
121,0
143,0
145,0
99,0
112,0
337,0
961,1
87,0
73,0
463,0
67,0
103,0
234,0
74,0
220,0
75,0
79,0
80,0
48,0
83,0
136,0
417,0
129,0
343,0
119,0
600,1
149,0
129,0
932,1
93,0
160,0
113,0
84,0
147,0
101,0
125,0
97,0
90,0
167,0
96,0
123,0
106,0
91,0
26,0
84,0
342,0
472,1
108,0
62,0
67,0
143,0
152,0
104,0
110,0
40,0
176,0
272,0
122,0
59,0
57,0
463,0
301,0
343,0
508,0
102,0
72,0
1152,1
284,0
14,0
425,0
157,0
116,0
115,0
146,0
72,0
72,0
72,0
140,0
88,0
90,0
150,0
159,0
606,1
177,0
250,0
248,0
132,0
93,0
121,0
94,0
65,0
201,0
324,0
154,0
362,0
124,0
140,0
14,0
386,0
476,0
42,0
366,1
74,0
23,0
228,0
112,0
115,0
57,0
15,0
728,0
66,0
262,0
72,0
9,0
99,0
11,0
9,0
213,0
211,0
422,0
68,0
105,0
69,0
111,0
36,0
169,0
205,0
734,0
484,0
14,0
235,0
256,0
69,0
69,0
692,0
296,0
232,0
151,0
164,0
198,0
454,0
114,0
64,0
84,0
203,0
81,0
731,1
184,0
433,0
361,0
304,0
160,0
101,0
53,0
323,0
97,0
340,0
54,0
251,0
87,0
454,0
171,0
134,0
265,0
280,0
62,0
41,0
318,0
131,0
365,0
89,0
207,0
105,0
99,0
197,0
484,0
93,0
153,0
630,1
81,0
141,0
67,0
73,0
106,0
160,0
50,0
163,0
770,0
313,0
348,0
106,0
648,0
256,0
56,0
335,0
342,0
109,0
159,0
124,0
378,0
139,0
170,0
51,0
68,0
56,0
115,0
714,1
43,0
168,0
67,0
36,0
119,0
153,0
431,0
127,0
63,0
618,0
202,0
392,0
226,0
144,0
56,0
121,0
390,0
75,0
99,0
108,0
153,0
358,0
63,0
308,0
163,0
45,0
230,0
90,0
98,0
83,0
194,0
56,0
1374,1
372,1
104,0
90,0
19,0
69,0
127,0
122,0
179,0
160,0
106,0
66,0
23,0
69,0
137,0
109,0
435,0
209,0
958,1
110,0
170,0
95,0
731,1
664,1
479,0
254,0
427,0
77,0
60,0
49,0
102,0
62,0
73,0
109,0
0,0
388,1
85,0
42,0
23,0
146,0
100,0
55,0
67,0
235,0
94,0
135,0
60,0
276,0
159,0
64,0
247,0
102,0
87,0
106,0
108,0
312,0
92,0
178,0
80,0
169,0
81,0
317,0
217,0
196,0
221,0
97,0
634,0
700,0
67,0
80,0
185,0
17,0
165,0
210,0
76,0
64,0
131,0
252,0
155,0
14,0
92,0
748,0
104,0
65,0
181,0
176,0
28,0
610,0
279,0
345,0
191,0
82,0
18,0
541,0
67,0
137,0
94,0
259,0
87,0
153,0
142,0
103,0
179,0
123,0
239,0
358,0
286,0
312,0
80,0
126,0
417,0
85,0
131,0
392,0
85,0
24,0
119,0
66,0
460,0
183,0
189,0
73,0
130,0
139,0
168,0
99,0
97,0
80,0
204,0
43,0
15,0
173,0
176,0
260,0
83,0
164,0
95,0
264,0
124,0
107,0
130,0
128,0
484,0
80,0
174,0
249,0
240,0
384,0
71,0
210,0
111,0
211,0
436,0
22,0
101,0
194,0
124,0
41,0
31,0
17,0
301,0
1223,1
12,0
1000,1
333,0
219,0
241,0
471,0
55,0
74,0
300,0
520,0
130,0
96,0
66,0
320,0
36,0
234,0
301,0
75,0
78,0
162,0
72,0
271,0
76,0
10,0
39,0
12,0
30,0
59,0
287,0
140,0
63,0
358,0
120,0
11,0
532,0
175,0
157,0
112,0
264,0
172,0
435,0
84,0
653,0
205,0
110,0
100,0
133,0
277,0
303,0
263,0
265,0
107,0
77,0
130,0
377,0
155,0
454,0
61,0
183,0
218,0
384,0
57,0
209,0
89,0
82,0
225,0
168,0
98,0
366,0
2089,1
84,0
369,0
125,0
109,0
58,0
35,0
556,1
100,0
20,0
133,0
101,0
240,0
59,0
515,0
130,0
361,0
99,0
272,0
98,0
58,0
52,0
157,0
609,1
94,0
108,0
116,0
87,0
128,0
581,1
20,0
113,0
18,0
106,0
154,0
130,0
146,0
56,0
185,0
1033,1
503,0
95,0
87,0
105,0
57,0
124,0
52,0
219,0
281,0
57,0
97,0
155,0
84,0
13,0
130,0
136,0
39,0
360,0
68,0
153,0
156,0
199,0
23,0
181,0
39,0
147,0
113,0
519,1
223,0
243,0
203,0
191,0
105,0
116,0
87,0
114,0
219,0
512,1
236,0
130,0
111,0
80,0
85,0
69,0
78,0
134,0
63,0
352,0
127,0
254,0
100,0
88,0
121,0
91,0
217,0
164,0
121,0
125,0
109,0
220,0
9,0
82,0
763,1
129,0
976,1
549,0
342,0
79,0
63,0
119,0
15,0
308,0
103,0
312,0
590,0
116,0
129,0
28,0
50,0
97,0
94,0
508,0
29,0
116,0
247,0
66,0
335,0
38,0
89,0
1129,1
14,0
49,0
645,1
176,0
15,0
10,0
114,0
13,0
96,0
511,0
86,0
516,0
300,0
94,0
125,0
125,0
12,0
212,0
178,0
67,0
19,0
85,0
122,0
27,0
60,0
34,0
561,0
120,0
74,0
214,0
523,1
107,0
160,0
16,0
184,0
168,0
76,0
120,0
138,0
79,0
78,0
36,0
117,0
60,0
89,0
88,0
11,0
18,0
157,0
186,0
569,0
77,0
19,0
218,0
43,0
37,0
1642,1
85,0
202,0
316,0
35,0
26,0
59,0
118,0
72,0
106,0
263,0
93,0
231,0
101,0
141,0
97,0
88,0
88,0
22,0
101,0
78,0
293,0
39,0
67,0
25,0
145,0
167,0
126,0
267,0
23,0
111,0
206,0
95,0
345,0
81,0
46,0
154,0
85,0
448,0
165,0
53,0
296,0
202,0
155,0
23,0
70,0
787,0
27,0
183,0
115,0
62,0
554,0
276,0
145,0
112,0
95,0
61,0
63,0
104,0
118,0
34,0
82,0
149,0
583,1
81,0
55,0
73,0
131,0
118,0
81,0
66,0
77,0
52,0
236,0
74,0
94,0
211,0
536,0
210,0
144,0
85,0
74,0
13,0
192,0
17,0
116,0
110,0
148,0
67,0
146,0
979,1
51,0
101,0
107,0
65,0
78,0
965,1
85,0
26,0
13,0
47,0
30,0
38,0
137,0
84,0
94,0
91,0
71,0
210,0
121,0
96,0
165,0
82,0
100,0
81,0
180,0
54,0
108,0
84,0
161,0
198,0
262,0
74,0
72,0
23,0
109,0
125,0
12,0
12,0
19,0
87,0
17,0
56,0
80,0
80,0
105,0
75,0
81,0
46,0
94,0
147,0
79,0
126,0
331,0
13,0
16,0
44,0
271,0
86,0
192,0
180,0
54,0
95,0
80,0
82,0
716,1
77,0
14,0
63,0
110,0
59,0
192,0
157,0
535,1
15,0
156,0
452,1
205,0
302,0
99,0
151,0
56,0
54,0
81,0
88,0
122,0
180,0
82,0
49,0
82,0
71,0
121,0
66,0
70,0
105,0
12,0
13,0
327,0
44,0
183,0
82,0
72,0
70,0
20,0
23,0
117,0
28,0
203,0
51,0
22,0
31,0
16,0
2372,1
86,0
308,0
93,0
203,0
68,0
19,0
98,0
9,0
11,0
79,0
144,0
85,0
1126,1
17,0
16,0
276,0
146,0
183,0
156,0
1037,0
507,0
18,0
27,0
17,0
19,0
12,0
32,0
12,0
7,0
715,0
56,0
195,0
95,0
83,0
66,0
8,0
46,0
25,0
85,0
76,0
26,0
958,0
88,0
20,0
50,0
45,0
18,0
248,0
49,0
16,0
258,0
13,0
64,0
104,0
23,0
35,0
16,0
158,0
69,0
77,0
65,0
76,0
31,0
97,0
140,0
131,0
171,0
162,0
289,0
77,0
68,0
42,0
142,0
12,0
402,0
13,0
77,0
35,0
88,0
50,0
54,0
66,0
29,0
259,0
165,0
74,0
90,0
158,0
22,0
44,0
122,0
43,0
172,0
46,0
140,0
59,0
26,0
77,0
45,0
103,0
68,0
99,0
270,0
74,0
214,0
147,0
460,0
114,0
95,0
602,0
13,0
9,0
52,0
142,0
126,0
17,0
15,0
21,0
8,0
48,0
60,0
51,0
70,0
23,0
199,0
12,0
37,0
48,0
159,0
245,0
18,0
189,0
36,0
56,0
62,0
64,0
39,0
133,0
32,0
310,0
24,0
125,0
1109,1
161,0
76,0
24,0
7,0
260,0
136,0
58,0
433,0
247,0
787,0
201,0
89,0
19,0
15,0
55,0
58,0
688,0
160,0
193,0
207,0
106,0
80,0
42,0
65,0
70,0
45,0
150,0
92,0
47,0
59,0
24,0
56,0
105,0
144,0
85,0
57,0
71,0
82,0
162,0
120,0
73,0
247,0
119,0
88,0
114,0
50,0
73,0
62,0
171,0
24,0
21,0
168,0
133,0
183,0
25,0
83,0
41,0
204,0
164,0
150,0
90,0
643,0
131,0
153,0
40,0
80,0
488,0
214,0
204,0
69,0
36,0
108,0
135,0
339,0
462,0
97,0
28,0
179,0
109,0
139,0
103,0
105,0
213,0
112,0
255,0
225,0
131,0
103,0
77,0
159,0
103,0
156,0
81,0
94,0
113,0
94,0
35,0
96,0
96,0
345,0
245,0
79,0
128,0
204,0
156,0
67,0
91,0
58,0
245,0
141,0
71,0
168,0
235,0
136,0
63,0
122,0
137,0
90,0
141,0
107,0
180,0
70,0
96,0
398,0
60,0
130,0
256,0
264,0
95,0
307,0
210,0
77,0
116,0
186,0
115,0
93,0
104,0
85,0
59,0
1028,0
186,0
299,0
161,0
207,0
91,0
133,0
111,0
239,0
38,0
165,0
19,0
436,0
49,0
64,0
511,0
961,0
76,0
124,0
66,0
54,0
29,0
56,0
709,0
95,0
251,0
59,0
398,0
47,0
173,0
69,0
77,0
300,0
94,0
39,0
81,0
18,0
36,0
24,0
70,0
21,0
92,0
162,0
116,0
94,0
58,0
76,0
90,0
14,0
129,0
157,0
145,0
161,0
88,0
122,0
133,0
61,0
10,0
493,0
451,0
86,0
168,0
370,0
93,0
201,0
59,0
85,0
301,0
60,0
27,0
20,0
81,0
74,0
53,0
35,0
117,0
215,0
43,0
73,0
106,0
120,0
51,0
669,0
46,0
127,0
158,0
17,0
68,0
215,0
63,0
27,0
117,0
8,0
6,0
515,0
88,0
89,0
77,0
159,0
103,1
270,1
235,1
223,1
147,0
24,0
3253,0
478,1
164,0
309,0
2429,0
312,1
73,0
718,1
2016,1
39,0
294,1
85,1
37,1
101,1
19,0
144,1
4,0
54,0
187,1
49,0
676,1
157,1
73,0
181,1
98,1
313,1
41,0
301,1
171,1
112,1
12,0
97,1
5,0
376,1
150,1
27,0
131,1
51,0
251,1
3284,0
125,1
10,0
141,1
154,1
135,1
540,1
454,1
171,1
11,0
313,1
167,0
266,1
248,1
234,1
154,1
160,1
81,0
227,1
615,1
18,0
44,0
98,0
95,0
5,0
399,1
15,0
21,0
217,0
465,1
209,1
6,0
169,1
449,0
5,0
268,1
204,1
669,1
68,0
23,0
234,1
26,0
150,1
132,0
115,1
453,1
83,0
1239,0
4918,0
125,0
107,0
145,1
98,0
248,1
74,0
133,0
119,0
486,1
158,1
114,1
139,1
320,0
129,0
24,0
238,0
119,0
109,0
75,0
168,0
72,0
86,0
45,0
90,1
160,1
51,0
132,1
160,1
24,0
179,1
76,0
101,0
200,0
212,0
92,0
156,0
53,0
215,0
238,0
128,0
98,0
238,0
82,0
303,0
51,0
221,0
80,0
130,0
324,0
139,0
669,0
161,0
80,0
108,0
163,0
147,0
252,0
113,0
375,0
121,0
52,0
81,0
70,0
64,0
176,0
115,0
550,0
75,0
57,0
68,0
59,0
55,0
61,0
113,0
134,0
123,0
297,0
353,0
146,0
59,0
210,0
120,0
92,0
595,0
57,0
118,0
78,0
74,0
219,0
93,0
387,0
178,0
433,0
69,0
223,0
178,0
75,0
92,0
396,0
334,0
64,0
236,0
142,0
231,0
44,0
376,0
85,0
56,0
389,0
64,0
44,0
126,0
65,0
265,0
49,0
219,0
155,0
81,0
89,0
1077,1
192,0
1303,1
564,1
79,0
288,0
99,0
33,0
125,0
214,0
121,0
40,0
57,0
76,0
364,0
63,0
378,0
151,0
81,0
89,0
479,0
68,0
108,0
135,0
302,0
90,0
38,0
77,0
81,0
127,0
114,0
70,0
55,0
79,0
238,0
179,0
120,0
84,0
309,0
130,0
38,0
70,0
70,0
110,0
206,0
160,0
176,0
85,0
483,0
292,0
68,0
105,0
107,0
112,0
70,0
58,0
97,0
55,0
150,0
149,0
96,0
112,0
40,0
58,0
259,0
119,0
16,0
527,0
94,0
88,0
140,0
149,0
76,0
124,0
90,0
96,0
109,0
591,0
508,0
99,0
118,0
80,0
165,0
93,0
64,0
545,0
434,1
346,0
164,0
407,0
61,0
191,0
110,0
56,0
412,0
193,0
180,0
1070,0
349,0
266,0
330,0
59,0
132,0
125,0
435,0
1606,0
216,0
59,0
214,0
78,0
275,0
279,0
173,0
89,0
215,0
53,0
890,1
161,0
97,0
581,0
116,0
155,0
70,0
41,0
104,0
27,0
578,0
534,0
52,0
62,0
169,0
52,0
66,0
310,0
150,0
34,0
49,0
213,0
104,0
386,0
73,0
58,0
138,0
64,0
112,0
80,0
42,0
74,0
148,0
164,0
67,0
147,0
190,0
294,0
86,0
96,0
113,0
372,0
49,0
68,0
94,0
103,0
60,0
257,0
89,0
190,0
77,0
104,0
651,1
68,0
205,0
42,0
98,0
73,0
55,0
186,0
69,0
121,0
249,0
336,0
73,0
55,0
657,0
345,0
65,0
62,0
77,0
102,0
137,0
2462,1
213,0
696,1
1449,0
188,0
391,0
56,0
77,0
160,0
407,0
406,0
104,0
560,0
168,0
167,0
623,0
102,0
71,0
264,0
199,0
96,0
529,0
64,0
165,0
141,0
94,0
499,0
64,0
107,0
76,0
1081,0
251,0
101,0
504,0
111,0
215,0
622,0
325,0
181,0
166,0
105,0
54,0
89,0
240,0
92,0
124,0
86,0
55,0
52,0
105,0
63,0
48,0
14,0
287,0
120,0
253,0
158,0
142,0
131,0
174,0
62,0
209,0
352,0
62,0
128,0
120,0
119,0
240,0
375,0
984,1
74,0
131,0
117,0
947,1
101,0
90,0
114,0
318,0
76,0
168,0
348,0
213,0
200,0
135,0
44,0
165,0
70,0
166,0
943,1
191,0
134,0
58,0
277,0
155,0
183,0
554,0
218,0
218,0
51,0
182,0
96,0
472,0
540,1
323,0
187,0
76,0
139,0
581,0
268,0
37,0
53,0
396,0
131,0
369,0
161,0
111,0
78,0
184,0
136,0
44,0
48,0
128,0
146,0
127,0
256,0
74,0
190,0
57,0
58,0
223,0
254,0
50,0
115,0
143,0
734,0
62,0
171,0
159,0
56,0
113,0
69,0
158,0
60,0
578,0
355,0
332,0
113,0
147,0
52,0
106,0
789,1
73,0
66,0
116,0
501,0
179,0
40,0
99,0
180,0
310,0
148,0
88,0
158,0
65,0
199,0
48,0
711,0
48,0
747,0
690,0
48,0
159,0
563,0
431,0
90,0
109,0
295,0
196,0
836,0
94,0
171,0
590,0
136,0
788,1
569,0
70,0
124,0
555,0
231,0
226,0
173,0
333,0
131,0
92,0
118,0
224,0
283,0
326,0
421,0
130,0
295,0
113,0
101,0
79,0
60,0
694,0
78,0
291,0
55,0
609,0
1121,0
564,0
673,0
1091,1
62,0
98,0
242,0
148,0
204,0
124,0
85,0
165,0
148,0
193,0
309,0
242,0
170,0
130,0
151,0
221,0
117,0
116,0
178,0
228,0
488,0
49,0
142,0
63,0
69,0
176,0
507,0
1735,0
340,0
126,0
1132,1
501,0
286,0
110,0
99,0
198,0
184,0
308,0
156,0
212,0
35,0
725,0
127,0
70,0
330,0
272,0
397,0
222,0
333,0
77,0
212,0
288,0
215,0
536,0
57,0
145,0
113,0
107,0
86,0
188,0
85,0
595,0
140,0
681,0
139,0
61,0
149,0
44,0
273,0
102,0
99,0
966,0
49,0
132,0
329,0
22,0
200,0
179,0
93,0
68,0
1210,1
353,0
107,0
247,0
220,0
211,0
960,0
762,0
181,0
414,0
150,0
652,1
446,0
209,0
210,0
301,0
415,0
264,0
81,0
189,0
172,0
151,0
487,0
249,0
215,0
108,0
17,0
295,0
292,0
454,1
92,0
94,0
104,0
318,0
408,0
252,0
293,0
1012,0
154,0
166,0
127,0
336,0
82,0
514,1
44,0
105,0
41,0
143,0
189,0
41,0
143,0
150,0
41,0
237,0
42,0
99,0
46,0
204,0
295,0
88,0
79,0
104,0
102,0
64,0
233,0
94,0
139,0
65,0
55,0
283,0
326,0
465,0
67,0
119,0
140,0
386,0
228,0
114,0
67,0
57,0
130,0
93,0
176,0
79,0
1978,1
101,0
105,0
95,0
64,0
91,0
40,0
138,0
54,0
67,0
1122,1
164,0
95,0
72,0
854,1
114,0
116,0
105,0
348,0
365,0
155,0
290,0
94,0
53,0
39,0
76,0
36,0
132,0
333,0
155,0
106,0
184,0
271,0
224,0
144,0
55,0
82,0
52,0
341,0
47,0
55,0
51,0
71,0
76,0
62,0
52,0
46,0
368,0
132,0
111,0
79,0
42,0
295,0
134,0
76,0
194,0
214,0
51,0
278,0
188,0
154,0
79,0
89,0
58,0
84,0
145,0
346,0
75,0
181,0
213,0
340,0
353,0
104,0
1268,0
47,0
59,0
108,0
132,0
86,0
61,0
273,0
121,0
88,0
50,0
636,0
466,0
110,0
132,0
111,0
135,0
281,0
276,0
74,0
274,0
71,0
79,0
196,0
175,0
319,0
71,0
714,0
67,0
149,0
635,0
95,0
63,0
280,0
107,0
51,0
850,0
486,1
253,0
118,0
132,0
141,0
169,0
835,0
200,0
95,0
122,0
148,0
51,0
132,0
180,0
835,1
144,0
90,0
129,0
54,0
613,0
150,0
162,0
296,0
66,0
155,0
145,0
117,0
435,0
266,0
963,0
385,0
125,0
257,0
99,0
95,0
82,0
154,0
130,0
127,0
84,0
596,1
131,0
924,1
183,0
198,0
37,0
188,0
99,0
197,0
464,0
453,1
54,0
242,0
134,0
62,0
91,0
419,1
82,0
128,0
638,0
113,0
78,0
84,0
250,0
288,0
193,0
34,0
352,0
119,0
89,0
93,0
305,0
109,0
205,0
122,0
107,0
17,0
103,0
272,0
145,0
233,0
172,0
336,0
154,0
109,0
103,0
50,0
95,0
48,0
15,0
122,0
505,0
106,0
125,0
191,0
75,0
609,1
1855,1
159,0
204,0
82,0
389,0
162,0
152,0
417,0
208,0
52,0
59,0
346,0
100,0
35,0
2,0
288,0
220,0
77,0
97,0
118,0
530,0
118,0
69,0
91,0
52,0
226,0
172,0
78,0
90,0
70,0
103,0
199,0
110,0
92,0
206,0
91,0
48,0
131,0
79,0
349,0
322,0
125,0
105,0
328,0
67,0
432,0
224,0
74,0
109,0
89,0
124,0
117,0
61,0
191,0
215,0
68,0
90,0
67,0
37,0
267,0
73,0
61,0
60,0
232,0
143,0
251,0
90,0
155,0
65,0
329,0
74,0
130,0
398,0
18,0
708,0
655,0
100,0
81,0
126,0
140,0
140,0
98,0
84,0
756,0
51,0
600,0
120,0
102,0
32,0
69,0
114,0
53,0
281,0
198,0
201,0
72,0
378,0
339,0
201,0
134,0
133,0
79,0
61,0
46,0
84,0
63,0
95,0
182,0
257,0
71,0
295,0
67,0
401,0
137,0
103,0
121,0
97,0
68,0
63,0
98,0
271,0
435,0
368,0
152,0
107,0
97,0
52,0
475,0
164,0
125,0
83,0
86,0
68,0
236,0
142,0
157,0
87,0
261,0
137,0
123,0
60,0
190,0
51,0
588,0
52,0
164,0
63,0
131,0
331,0
127,0
84,0
432,0
94,0
76,0
475,0
348,0
309,0
112,0
66,0
91,0
72,0
73,0
199,0
165,0
163,0
124,0
178,0
124,0
93,0
265,0
77,0
96,0
140,0
179,0
155,0
384,0
98,0
90,0
110,0
62,0
120,0
154,0
157,0
319,0
262,0
114,0
177,0
157,0
65,0
82,0
244,0
137,0
110,0
63,0
125,0
40,0
97,0
69,0
123,0
188,0
172,0
82,0
114,0
55,0
54,0
120,0
174,0
250,0
45,0
251,0
234,0
219,0
240,0
32,0
94,0
139,0
157,0
126,0
214,0
79,0
107,0
399,0
231,0
129,0
597,0
229,0
464,0
166,0
91,0
196,0
71,0
146,0
123,0
203,0
102,0
175,0
86,0
87,0
75,0
313,0
244,0
355,0
74,0
145,0
141,0
51,0
192,0
464,0
125,0
67,0
79,0
72,0
47,0
722,0
1437,1
175,0
133,0
163,0
273,0
147,0
170,0
81,0
727,0
96,0
187,0
135,0
633,0
55,0
231,0
715,0
135,0
67,0
113,0
116,0
191,0
103,0
255,0
190,0
204,0
354,0
61,0
148,0
878,0
138,0
89,0
271,0
171,0
361,0
244,0
218,0
43,0
658,0
136,0
127,0
54,0
154,0
242,0
275,0
217,0
84,0
110,0
373,0
115,0
259,0
202,0
286,0
98,0
97,0
68,0
170,0
129,0
400,0
282,0
126,0
241,0
267,0
1788,1
972,0
194,0
87,0
143,0
372,0
86,0
58,0
119,0
117,0
373,0
177,0
84,0
150,1
171,0
131,0
115,0
283,0
121,0
174,0
238,0
61,0
139,0
810,0
586,0
80,0
296,0
218,0
390,0
271,0
195,0
173,0
100,0
192,0
185,0
411,0
108,0
163,0
167,0
1014,0
486,0
140,0
160,0
425,0
353,0
84,0
79,0
920,0
893,0
240,0
33,0
77,0
203,0
364,0
825,0
233,0
394,0
515,0
285,0
65,0
62,0
200,0
55,0
249,0
39,0
493,0
40,0
99,0
741,1
189,0
581,0
115,0
154,0
166,0
105,0
188,0
491,0
263,0
64,0
139,0
105,0
80,0
180,0
158,0
898,1
111,0
246,0
149,0
83,0
247,0
173,0
193,0
141,0
467,0
176,0
106,0
66,0
530,0
110,0
201,0
366,0
82,0
129,0
136,0
251,0
203,0
75,0
543,1
34,0
1476,0
216,0
252,0
436,0
288,0
307,0
164,0
91,0
679,0
400,0
1132,1
372,0
90,0
77,0
139,0
59,0
167,0
427,0
187,0
308,0
178,0
206,0
89,0
62,0
308,0
56,0
209,0
103,0
98,0
180,0
697,0
84,0
113,0
135,0
157,0
299,0
100,0
819,1
347,0
511,1
126,0
108,0
101,0
740,0
364,0
706,0
43,0
375,0
370,0
125,0
242,0
147,0
112,0
184,0
159,0
199,0
140,0
189,0
192,0
305,0
167,0
207,0
104,0
30,0
316,0
133,0
577,0
305,0
204,0
210,0
126,0
137,0
530,0
400,0
295,0
221,0
158,0
58,0
193,0
187,0
499,0
313,0
125,0
277,0
194,0
210,0
70,0
192,0
162,0
140,0
134,0
67,0
351,0
143,0
197,0
82,0
369,0
130,0
114,0
112,0
136,0
289,0
36,0
145,0
589,0
168,0
493,0
265,0
905,0
418,1
97,0
682,0
244,0
107,0
355,0
161,0
296,0
1554,1
820,1
686,1
278,0
291,0
286,0
224,0
215,0
155,0
236,0
110,0
770,0
441,0
77,0
58,0
139,0
648,0
902,0
470,0
106,0
89,0
72,0
288,0
140,0
61,0
202,0
37,0
64,0
109,0
336,0
925,1
239,0
473,0
424,0
298,0
183,0
70,0
169,0
808,0
862,1
786,1
298,0
436,0
108,0
225,0
86,0
723,0
104,0
993,1
311,0
122,0
85,0
814,1
154,0
584,0
133,0
103,0
69,0
401,0
578,0
217,0
177,0
182,0
203,0
53,0
375,0
157,0
630,0
223,0
361,0
125,0
426,0
117,0
185,0
582,0
466,0
222,0
1084,1
44,0
76,0
154,0
51,0
164,0
102,0
227,0
111,0
98,0
442,0
226,0
256,0
210,0
233,0
211,0
130,0
248,0
52,0
457,0
249,0
419,0
117,0
198,0
202,0
206,0
201,0
144,0
137,0
100,0
75,0
140,0
1015,1
489,1
212,0
219,0
122,0
20,0
75,0
94,0
264,0
118,0
46,0
59,0
94,0
79,0
79,0
66,0
698,0
108,0
694,1
363,0
242,0
87,0
52,0
20,0
337,0
308,0
274,0
84,0
631,0
244,0
86,0
123,0
117,0
186,0
352,0
39,0
325,0
670,1
340,0
145,0
100,0
72,0
53,0
190,0
200,0
47,0
388,0
498,0
149,0
171,0
561,1
636,0
357,0
138,0
118,0
149,0
1011,1
402,0
154,0
68,0
66,0
87,0
289,0
661,0
95,0
270,0
142,0
74,0
60,0
258,0
222,0
132,0
103,0
122,0
93,0
133,0
40,0
292,0
654,1
58,0
63,0
424,1
198,0
63,0
51,0
911,1
392,0
122,0
998,1
405,0
291,0
137,0
90,0
46,0
77,0
802,1
1057,1
64,0
87,0
196,0
161,0
96,0
75,0
60,0
69,0
41,0
98,0
162,0
341,0
332,0
126,0
187,0
281,0
37,0
138,0
141,0
135,0
274,0
169,0
205,0
83,0
113,0
114,0
60,0
161,0
128,0
187,0
134,0
182,0
87,0
248,0
133,0
149,0
152,0
133,0
131,0
68,0
50,0
265,0
565,0
405,0
134,0
968,0
82,0
416,0
17,0
208,0
201,0
374,0
581,0
105,0
1548,0
150,0
210,0
131,0
97,0
124,0
742,0
151,0
360,0
96,0
117,0
70,0
57,0
85,0
89,0
117,0
69,0
414,0
323,0
168,0
111,0
227,0
72,0
76,0
448,0
755,0
514,0
482,0
50,0
101,0
77,0
85,0
638,0
59,0
779,0
198,0
190,0
363,0
155,0
130,0
19,0
319,0
116,0
1283,0
293,0
622,1
62,0
148,0
111,0
172,0
186,0
164,0
220,0
296,0
267,0
231,0
178,0
547,0
161,0
59,0
121,0
477,0
384,0
149,0
59,0
125,0
522,1
201,0
230,0
180,0
98,0
73,0
391,0
131,0
174,0
147,0
126,0
265,0
67,0
136,0
174,0
101,0
299,0
392,0
780,0
159,0
562,0
127,0
418,0
259,0
295,0
138,0
124,0
146,0
145,0
57,0
69,0
166,0
82,0
277,0
194,0
138,0
1502,1
175,0
117,0
1049,1
134,0
117,0
187,0
107,0
40,0
161,0
71,0
772,0
128,0
195,0
353,0
25,0
175,0
55,0
137,0
631,1
98,0
208,0
131,0
47,0
140,0
286,0
690,0
102,0
93,0
120,0
570,0
456,0
49,0
54,0
160,0
385,0
250,0
164,0
234,0
177,0
50,0
457,0
623,1
20,0
1206,0
21,0
559,0
205,0
1065,0
401,0
50,0
113,0
1028,1
213,0
340,0
90,0
286,0
342,0
394,0
63,0
73,0
214,0
76,0
337,1
88,0
96,0
171,0
418,0
434,0
54,0
86,0
1265,1
104,0
485,1
251,0
328,0
108,0
88,0
220,0
118,0
520,0
139,0
501,0
408,0
292,0
95,0
77,0
62,0
359,0
640,0
178,0
112,0
589,1
433,0
122,0
254,0
236,0
60,0
216,0
70,0
541,0
199,0
191,0
300,0
362,0
1061,1
208,0
377,0
54,0
157,0
47,0
625,0
88,0
120,0
89,0
616,0
56,0
238,0
112,0
748,0
184,0
202,0
273,0
223,0
382,0
278,0
294,0
783,1
1662,0
79,0
115,0
101,0
223,0
126,0
73,0
163,0
299,0
107,0
70,0
258,0
1120,1
223,0
184,0
523,0
77,0
252,0
104,0
433,0
178,0
174,0
354,0
231,0
757,1
130,0
111,0
130,0
374,0
95,0
680,1
191,0
193,0
1468,1
188,0
221,0
59,0
314,0
246,0
154,0
432,0
584,0
140,0
709,1
635,0
449,0
108,0
53,0
151,0
287,0
266,0
105,0
225,0
154,0
172,0
221,0
209,0
356,0
259,0
91,0
729,0
744,0
222,0
406,0
307,0
1337,0
178,0
304,0
1307,0
93,0
225,0
515,0
312,0
243,0
117,0
207,0
67,0
581,0
676,0
300,0
611,0
52,0
275,0
188,0
130,0
46,0
143,0
214,0
248,0
159,0
307,0
37,0
193,0
1271,1
167,0
475,0
590,0
196,0
228,0
575,0
322,0
546,0
1435,0
332,0
214,0
501,0
285,0
320,0
723,0
89,0
193,0
284,0
135,0
214,0
162,0
303,0
575,0
245,0
64,0
146,0
281,0
182,0
291,0
616,0
186,0
248,0
380,0
314,0
206,0
519,0
209,0
185,0
335,0
131,0
71,0
323,0
70,0
62,0
596,0
517,0
208,0
145,0
52,0
11,0
206,0
107,0
54,0
107,0
102,0
201,0
844,0
66,0
278,0
1311,0
255,0
599,0
339,0
558,0
800,0
854,0
635,0
72,0
14,0
274,0
291,0
82,0
97,0
130,0
88,0
132,0
36,0
348,0
161,0
77,0
143,0
80,0
366,0
298,0
64,0
51,0
75,0
65,0
69,0
37,0
632,0
48,0
57,0
164,0
48,0
42,0
171,0
91,0
78,0
518,0
73,0
105,0
340,0
379,0
114,0
667,0
286,0
77,0
125,0
21,0
104,0
186,0
136,0
145,0
179,0
466,0
834,0
26,0
459,0
113,0
997,0
284,0
281,0
107,0
209,0
125,0
149,0
308,0
191,0
373,0
100,0
66,0
392,0
477,1
291,0
276,1
93,0
86,0
68,0
142,0
49,0
251,0
137,0
120,0
25,0
220,0
174,0
370,0
116,0
74,0
68,0
125,0
254,0
358,0
670,1
68,0
428,0
366,0
81,0
322,0
46,0
140,0
732,1
408,0
125,0
68,0
76,0
110,0
415,0
166,0
486,0
245,0
228,0
114,0
463,0
329,0
364,0
199,0
145,0
110,0
52,0
34,0
232,0
530,0
505,0
140,0
884,0
301,0
319,0
71,0
157,0
405,0
93,0
42,0
39,0
231,0
107,0
30,0
90,0
531,1
106,0
166,0
114,0
85,0
59,0
180,0
628,1
1192,1
101,0
370,0
76,0
103,0
217,0
566,1
422,0
23,0
120,0
45,0
48,0
20,0
147,0
99,0
173,0
47,0
67,0
283,1
126,0
46,0
163,0
1058,0
485,0
454,1
176,0
103,0
277,0
74,0
137,0
88,0
158,0
234,0
121,0
258,0
523,0
640,0
60,0
1816,0
203,0
73,0
728,1
157,0
175,0
63,0
993,1
155,0
146,0
91,0
112,0
333,0
124,0
172,0
34,0
318,0
1040,0
103,0
8,0
88,0
25,0
26,0
549,1
168,0
67,0
60,0
167,0
59,0
73,0
302,0
541,0
92,0
85,0
128,0
278,0
316,0
278,0
478,1
202,0
171,0
352,0
755,1
252,0
114,0
53,0
223,0
57,0
91,0
26,0
59,0
90,0
228,0
148,0
199,0
1031,0
147,0
82,0
60,0
204,0
230,0
173,0
309,0
74,0
500,0
70,0
18,0
174,0
189,0
222,0
520,0
290,0
220,0
22,0
35,0
157,0
365,0
106,0
244,0
290,0
48,0
302,0
151,0
88,0
95,0
994,1
113,0
371,0
70,0
1503,1
178,0
96,0
308,0
29,0
73,0
88,0
86,0
94,0
26,0
78,0
186,0
321,0
220,0
77,0
81,0
19,0
83,0
40,0
640,0
871,1
371,0
151,0
88,0
73,0
329,1
111,0
757,0
62,0
149,0
164,0
67,0
232,0
385,0
301,0
69,0
183,0
80,0
117,0
89,0
49,0
24,0
162,0
1256,0
244,0
82,0
39,0
23,0
133,0
45,0
139,0
116,0
410,0
45,0
125,0
80,0
93,0
145,0
86,0
180,0
775,0
207,0
89,0
283,0
221,0
107,0
531,1
59,0
85,0
200,0
543,1
90,0
227,0
119,0
71,0
292,0
69,0
120,0
857,1
160,0
340,0
352,0
475,0
322,0
153,0
178,0
73,0
281,0
80,0
96,0
62,0
240,0
129,0
931,1
197,0
274,0
150,0
597,0
200,0
42,0
88,0
356,0
150,0
593,1
308,0
283,0
139,0
69,0
142,0
30,0
71,0
59,0
487,0
418,0
287,0
147,0
282,0
70,0
187,0
83,0
22,0
554,0
282,0
454,0
95,0
324,0
120,0
256,0
197,0
104,0
691,1
377,0
128,0
124,0
269,0
90,0
329,0
141,0
50,0
161,0
224,0
188,0
395,0
1258,1
145,0
677,1
252,0
475,0
363,0
172,0
1490,1
125,0
305,0
743,0
62,0
81,0
89,0
139,0
452,0
75,0
661,0
562,1
174,0
278,0
184,0
73,0
184,0
123,0
124,0
1154,1
359,0
60,0
249,0
164,0
64,0
244,0
70,0
705,1
96,0
178,0
250,0
211,0
74,0
259,0
339,0
195,0
168,0
96,0
1035,1
736,1
144,0
51,0
111,0
308,0
153,0
214,0
188,0
352,0
255,0
118,0
597,0
190,0
193,0
55,0
895,0
125,0
113,0
10,0
94,0
176,0
277,0
53,0
888,1
129,0
105,0
197,0
80,0
75,0
72,0
382,0
187,0
486,0
151,0
124,0
80,0
340,0
239,0
223,0
370,1
212,0
151,0
500,1
136,0
1166,0
258,0
51,0
140,0
790,0
75,0
72,0
604,0
154,0
131,0
733,0
488,1
266,0
130,0
1025,1
98,0
68,0
143,0
559,0
350,0
293,0
138,0
105,0
195,0
689,0
104,0
215,0
311,0
63,0
633,0
305,0
191,0
239,0
125,0
63,0
219,0
65,0
61,0
123,0
92,0
462,0
141,0
51,0
425,0
149,0
547,0
337,0
165,0
47,0
35,0
48,0
230,0
109,0
361,0
67,0
107,0
435,0
140,0
294,0
205,0
470,0
427,0
175,0
380,0
215,0
98,0
267,0
51,0
207,0
73,0
20,0
186,0
14,0
120,0
319,0
52,0
154,0
267,0
113,0
159,0
128,0
249,0
195,0
16,0
330,0
25,0
340,0
158,0
192,0
768,1
426,0
260,0
352,0
114,0
539,0
187,0
758,1
653,1
276,0
230,0
340,0
9,0
44,0
142,0
55,0
315,0
326,0
240,0
517,0
150,0
972,0
73,0
77,0
279,0
166,0
40,0
93,0
102,0
144,0
265,0
115,0
61,0
201,0
106,0
37,0
418,0
106,0
187,0
101,0
619,0
93,0
127,0
88,0
104,0
43,0
813,0
808,0
600,0
627,0
329,0
399,0
87,0
911,0
352,0
20,0
108,0
262,0
196,0
43,0
128,0
104,0
111,0
61,0
130,0
119,0
165,0
105,0
133,0
179,0
206,0
240,0
198,0
129,0
224,0
157,0
182,0
386,0
642,0
434,0
163,0
214,0
1145,0
148,0
329,0
221,0
339,0
135,0
41,0
159,0
470,0
75,0
155,0
147,0
167,0
268,0
16,0
533,0
264,0
303,0
91,0
225,0
90,0
283,0
208,0
207,0
56,0
319,0
57,0
150,0
871,1
354,0
165,0
88,0
279,0
180,0
156,0
1532,1
235,0
884,0
218,0
611,0
248,0
75,0
60,0
986,0
172,0
315,0
399,0
117,0
151,0
513,0
281,0
317,0
116,0
115,0
303,0
97,0
104,0
68,0
591,0
136,0
251,0
355,0
231,0
251,0
341,0
106,0
361,0
212,0
131,0
60,0
378,0
441,0
282,0
197,0
217,0
250,0
172,0
210,0
952,1
332,0
117,0
194,0
233,0
197,0
493,1
168,0
688,0
205,0
713,0
2420,1
176,0
215,0
90,0
292,0
232,0
88,0
257,0
1598,1
295,1
693,0
430,0
134,0
761,0
233,0
134,0
290,0
370,0
766,0
279,0
298,0
157,0
324,0
537,0
182,0
96,0
90,0
59,0
222,0
178,0
146,0
769,0
216,0
87,0
192,0
825,0
156,0
278,0
1329,0
76,0
310,0
56,0
1059,1
40,0
104,0
843,0
185,0
1476,0
476,0
139,0
283,0
165,0
738,0
265,0
442,0
164,0
422,0
91,0
489,0
391,0
1855,0
2453,1
21,0
83,0
86,0
91,0
254,0
149,0
249,0
10,0
358,0
81,0
6,0
138,0
275,0
312,0
69,0
37,0
266,0
159,0
116,0
21,0
358,0
144,0
41,0
124,0
298,0
86,0
271,0
299,0
152,0
322,0
336,0
441,0
149,0
675,0
118,0
85,0
65,0
239,0
267,0
225,0
54,0
108,0
66,0
108,0
49,0
1221,0
71,0
729,1
289,0
127,0
846,0
215,0
75,0
248,0
591,1
163,0
337,0
179,0
111,0
63,0
558,1
569,0
153,0
46,0
208,0
22,0
261,0
120,0
253,0
43,0
321,0
46,0
104,0
63,0
81,0
423,0
113,0
71,0
348,0
62,0
588,0
528,1
467,1
530,1
76,0
648,1
158,0
258,0
73,0
567,0
13,0
470,0
228,0
22,0
91,0
345,0
346,0
107,0
86,0
710,1
110,0
530,1
73,0
529,1
635,1
254,0
106,0
40,0
195,0
183,0
195,0
585,0
501,0
222,0
131,0
158,0
215,0
30,0
53,0
263,0
344,0
174,0
103,0
46,0
74,0
105,0
206,0
132,0
175,0
140,0
148,0
66,0
32,0
149,0
1166,0
161,0
262,0
60,0
106,0
59,0
1055,0
181,0
218,0
429,0
327,0
216,0
201,0
102,0
65,0
58,0
221,0
957,1
202,0
161,0
705,1
167,0
29,0
89,0
306,0
56,0
796,1
1022,1
189,0
74,0
154,0
89,0
79,0
143,0
169,0
80,0
44,0
133,0
49,0
586,0
189,0
218,0
235,0
105,0
849,1
5,0
271,0
893,1
230,0
68,0
74,0
115,0
100,0
326,0
1182,0
144,0
189,0
169,0
670,0
57,0
76,0
42,0
81,0
199,0
184,0
18,0
451,0
51,0
63,0
70,0
44,0
54,0
13,0
401,0
484,0
59,0
64,0
526,0
105,0
128,0
115,0
573,0
996,0
206,0
135,0
36,0
1480,1
160,0
83,0
425,0
288,0
244,0
378,0
252,0
283,0
110,0
109,0
162,0
144,0
49,0
70,0
71,0
316,1
306,0
70,0
221,0
44,0
202,0
98,0
552,0
97,0
48,0
89,0
171,0
744,0
79,0
850,1
233,0
70,0
162,0
38,0
8,0
18,0
72,0
164,0
123,0
100,0
18,0
165,0
296,0
196,0
203,0
55,0
186,0
59,0
532,0
79,0
197,0
84,0
35,0
26,0
102,0
100,0
164,0
183,0
67,0
180,0
182,0
749,1
450,0
28,0
66,0
119,0
135,0
902,1
1074,1
661,0
492,0
142,0
43,0
28,0
82,0
63,0
264,0
118,0
124,0
218,0
232,0
190,0
10,0
456,0
176,0
312,0
45,0
124,0
42,0
189,0
31,0
126,0
232,0
11,0
109,0
64,0
28,0
148,0
104,0
65,0
980,1
206,0
82,0
45,0
62,0
10,0
16,0
102,0
298,0
52,0
213,0
226,0
58,0
224,0
48,0
207,0
163,0
24,0
103,0
219,0
152,0
171,0
94,0
104,0
62,0
220,0
50,0
112,0
53,0
119,0
381,0
226,0
157,0
673,0
347,0
58,0
85,0
224,0
127,0
366,0
162,0
197,0
47,0
311,0
98,0
549,1
72,0
182,0
183,0
158,0
48,0
270,0
57,0
1199,0
36,0
380,0
366,0
78,0
161,0
362,0
455,0
83,0
184,0
295,0
551,0
101,0
294,0
13,0
51,0
353,0
93,0
138,0
48,0
50,0
718,0
288,0
114,0
161,0
150,0
120,0
41,0
1571,1
240,0
198,0
75,0
108,0
47,0
536,1
408,0
290,0
229,0
148,0
185,0
68,0
54,0
906,0
186,0
124,0
481,1
319,0
157,0
106,0
56,0
94,0
123,0
12,0
75,0
408,0
671,0
664,1
383,0
119,0
159,0
297,0
61,0
142,0
222,0
34,0
79,0
188,0
7,0
186,0
105,0
126,0
661,0
45,0
14,0
224,0
20,0
155,0
78,0
10,0
379,0
57,0
21,0
85,0
106,0
50,0
757,0
624,0
103,0
570,0
139,0
157,0
579,1
328,0
366,0
1555,1
504,1
150,0
146,0
69,0
139,0
51,0
175,0
128,0
11,0
82,0
33,0
52,0
289,0
43,0
101,0
402,0
59,0
39,0
57,0
87,0
89,0
608,0
430,0
240,0
173,0
137,0
379,0
1036,0
675,0
139,0
377,0
394,0
70,0
519,0
61,0
163,0
302,0
41,0
39,0
360,0
230,0
155,0
32,0
61,0
251,0
22,0
58,0
38,0
36,0
165,0
83,0
11,0
98,0
663,1
544,0
39,0
122,0
695,0
369,0
88,0
64,0
216,0
90,0
164,0
147,0
268,0
169,0
585,0
36,0
129,0
33,0
888,0
808,1
14,0
305,0
18,0
134,0
77,0
107,0
382,0
140,0
39,0
13,0
1032,0
64,0
634,0
138,0
225,0
855,0
258,0
484,0
229,0
330,0
41,0
1222,1
395,0
39,0
639,0
711,0
178,0
534,1
104,0
432,0
1195,0
168,0
229,0
322,0
127,0
59,0
246,0
140,0
210,0
11,0
208,0
358,0
64,0
407,0
903,0
205,0
66,0
127,0
331,1
307,0
27,0
163,0
64,0
136,0
95,0
505,0
170,0
1162,0
122,0
72,0
294,0
82,0
15,0
7,0
21,0
118,0
21,0
345,0
96,0
211,0
73,0
6,0
110,0
321,0
170,0
56,0
125,0
281,0
328,0
13,0
296,0
48,0
77,0
8,0
182,0
12,0
8,0
158,0
9,0
11,0
24,0
175,0
9,0
69,0
37,0
240,0
11,0
23,0
13,0
22,0
234,0
30,0
8,0
80,0
12,0
85,0
143,0
14,0
48,0
12,0
29,0
168,0
51,0
12,0
33,0
53,0
72,0
79,0
1067,0
10,0
71,0
273,0
11,0
189,0
61,0
10,0
10,0
280,0
47,0
34,0
38,0
219,0
205,0
643,0
49,0
114,0
8,0
24,0
36,0
11,0
18,0
12,0
291,0
170,0
183,0
234,0
136,0
119,1
712,1
111,1
42,0
169,0
213,0
78,0
76,0
378,1
116,1
139,0
154,1
142,0
145,0
69,0
239,1
54,0
170,0
175,1
120,1
59,0
56,0
1447,1
76,0
187,1
131,0
136,0
889,0
382,1
294,1
88,0
39,0
143,1
133,0
83,1
212,0
499,1
350,1
225,0
103,0
320,1
156,1
168,1
180,1
305,1
96,1
92,0
377,1
396,1
308,1
66,0
92,0
61,0
63,1
86,0
64,0
218,0
181,1
53,0
182,1
90,0
41,0
137,1
119,0
106,1
196,1
115,0
84,0
167,0
195,1
229,1
227,1
136,0
119,0
166,1
363,1
266,1
544,1
301,1
207,1
116,1
101,0
161,0
217,1
78,0
70,0
75,0
93,0
97,0
350,1
164,0
179,0
106,1
272,1
56,0
71,1
100,0
119,0
122,1
59,0
395,1
261,1
113,0
103,0
59,0
137,0
159,1
70,0
427,1
230,0
60,0
48,0
74,0
266,1
95,1
231,0
796,1
101,0
197,1
96,0
74,0
126,1
323,1
85,0
101,1
103,0
82,0
188,1
203,1
101,1
56,0
71,0
80,1
119,1
156,1
186,1
139,1
85,0
126,1
186,0
61,0
41,0
114,0
268,1
3076,1
432,0
166,0
296,1
61,0
422,0
80,0
291,0
104,0
93,0
44,0
147,0
83,0
392,1
74,0
163,0
406,1
220,1
178,1
195,1
187,1
325,0
299,1
325,1
159,0
81,0
136,0
236,0
140,0
278,1
194,1
224,1
163,0
201,1
203,1
167,1
181,0
220,1
93,0
47,0
248,1
415,1
233,0
115,1
269,0
174,1
83,0
136,1
81,0
74,0
460,1
115,0
58,0
116,0
125,0
144,1
152,0
170,1
269,1
115,1
506,1
78,0
96,1
278,1
411,1
117,1
709,1
141,0
200,1
91,0
143,0
325,1
94,0
131,0
267,0
86,0
73,0
439,0
331,1
278,0
181,0
173,0
101,0
95,1
515,1
300,1
342,1
124,0
283,1
78,0
229,1
102,0
294,1
184,0
277,0
166,0
77,0
179,1
689,0
228,1
64,0
378,1
101,0
558,0
243,1
111,0
144,0
166,0
234,1
271,1
347,1
77,0
180,1
136,0
253,0
171,0
96,0
415,0
95,0
285,1
364,1
114,0
517,1
167,0
78,0
163,1
52,0
138,0
684,0
237,1
158,1
494,0
210,0
310,0
265,0
257,0
829,0
1530,1
544,0
484,0
351,1
345,0
131,0
743,0
394,0
73,0
202,0
247,0
154,0
110,0
805,1
427,0
212,0
274,0
1176,1
165,1
525,0
479,0
513,0
295,0
117,0
387,1
286,0
161,0
297,0
498,0
251,0
625,0
121,0
253,0
184,1
74,0
203,0
647,0
80,0
739,1
173,0
2870,0
90,0
926,0
82,0
303,0
473,0
101,0
243,1
340,0
288,0
121,0
177,0
313,1
114,0
73,0
253,0
450,0
311,0
361,0
148,0
598,0
477,0
164,0
144,0
80,0
333,0
240,0
260,0
397,1
444,0
824,0
104,0
293,0
771,1
249,0
204,0
268,1
173,0
349,0
399,0
74,0
285,0
225,0
96,0
329,1
254,0
206,0
48,0
326,0
187,0
456,0
93,0
905,0
0,0
74,0
108,0
376,0
224,0
707,1
297,0
115,0
103,0
697,0
445,0
314,0
84,0
277,0
170,0
285,0
119,0
484,0
240,0
420,0
482,1
66,0
117,1
213,0
660,0
154,0
273,0
121,0
239,0
362,0
105,0
582,0
329,0
190,0
345,0
65,0
121,0
1090,0
203,0
383,0
100,0
224,0
439,0
205,0
230,0
1091,0
596,0
148,0
514,0
583,0
57,0
1203,1
579,0
309,0
151,0
219,0
278,0
479,0
590,0
322,0
475,1
272,0
185,0
254,0
112,0
275,0
247,0
332,0
916,0
583,1
551,0
90,0
172,0
158,1
147,0
599,0
232,0
376,0
271,0
86,0
438,0
437,0
211,0
263,0
104,0
294,0
173,0
129,0
197,0
139,0
139,0
399,0
190,0
1435,1
216,0
75,0
371,0
230,0
41,0
1063,1
272,0
223,0
377,0
2316,0
1353,1
740,1
1138,1
357,0
441,0
165,0
276,0
125,0
583,0
72,0
465,1
43,0
60,0
355,0
226,0
608,1
1096,0
327,0
231,0
208,0
91,0
381,0
183,0
194,0
103,0
463,1
479,0
354,0
345,0
329,0
210,0
226,0
389,0
97,0
197,0
369,0
196,0
2299,1
226,0
254,0
721,1
366,0
208,0
274,0
189,0
411,0
157,0
299,1
272,0
615,0
255,0
93,0
49,0
44,0
124,0
620,0
84,1
99,0
83,0
139,0
311,0
1063,0
263,0
487,0
304,0
66,0
253,0
145,0
244,0
98,0
104,0
88,0
1,0
158,0
245,0
161,0
542,0
265,0
562,0
895,1
277,0
239,0
172,0
221,0
376,0
353,0
216,0
43,0
736,0
581,0
163,0
79,0
325,0
327,1
117,1
98,0
131,0
149,0
519,0
169,0
87,0
628,0
98,0
952,1
205,0
903,1
95,0
58,0
59,0
123,0
95,0
523,1
97,0
268,0
430,0
88,0
120,0
182,0
335,0
218,0
2129,0
393,0
462,0
213,0
179,0
284,0
1032,1
241,0
291,0
150,1
236,1
281,0
101,0
120,0
125,0
185,0
261,0
233,0
245,1
67,0
663,0
114,1
83,0
195,0
180,0
321,1
34,0
201,0
209,1
167,0
58,0
518,0
74,0
250,0
1190,1
201,0
110,0
405,0
84,0
612,0
229,0
188,0
543,0
216,0
180,0
174,0
249,0
169,0
101,0
303,0
624,1
143,1
56,0
179,0
65,0
91,0
274,0
222,0
690,0
281,0
575,1
764,0
93,0
1665,1
213,0
548,1
171,0
142,1
417,0
902,0
350,1
101,0
124,0
162,0
68,0
435,0
87,0
374,0
40,0
312,0
820,0
328,0
528,0
168,0
105,0
264,0
592,1
125,0
207,0
125,0
150,0
394,1
85,0
448,1
657,1
220,0
113,0
241,0
765,0
311,0
527,1
126,0
304,0
161,0
236,0
272,0
259,0
278,0
139,0
429,0
230,0
96,0
109,0
530,1
71,0
159,0
104,0
214,1
184,0
331,1
435,1
188,0
62,0
466,0
327,0
290,0
179,1
464,0
221,0
504,0
233,1
245,1
152,0
132,0
106,0
339,0
152,1
98,0
268,0
337,0
133,0
90,0
322,0
385,0
317,1
208,0
627,0
1042,1
240,0
140,0
490,1
275,0
188,0
236,0
563,0
136,0
142,0
283,0
129,0
86,0
259,0
255,0
466,1
82,0
565,0
251,0
262,0
269,0
283,0
342,1
427,0
255,0
110,0
461,1
62,0
145,0
213,0
111,0
266,0
118,0
142,1
855,0
344,1
125,1
850,1
85,0
441,0
104,0
179,0
114,0
114,0
1073,1
226,0
94,0
1594,1
450,1
461,0
505,1
163,0
133,1
62,0
184,1
168,1
49,0
72,0
314,0
178,0
232,0
324,1
252,0
584,0
161,1
496,1
95,0
332,0
111,1
308,0
129,0
247,0
107,1
216,1
279,1
424,0
259,0
111,1
258,0
216,1
104,0
119,0
108,0
72,0
101,0
207,1
300,1
295,1
422,0
61,0
108,0
225,0
608,0
189,0
201,0
61,0
223,1
47,0
226,0
431,0
1372,0
343,0
141,0
141,0
165,1
139,0
167,1
332,0
87,0
945,1
82,1
903,1
282,1
389,0
651,0
692,0
217,0
93,0
253,0
139,0
154,0
601,0
44,0
349,0
225,0
103,0
75,0
251,0
609,0
134,0
166,0
301,0
177,0
126,0
56,0
85,0
149,0
194,0
1214,1
122,0
110,1
187,0
114,0
310,0
1217,1
389,1
48,0
171,1
512,1
125,0
412,0
120,0
86,0
140,1
72,0
135,1
437,0
441,1
358,0
355,1
82,0
170,1
469,0
99,0
129,1
118,1
121,0
405,1
442,0
54,0
1038,1
117,0
85,0
171,0
103,0
397,0
309,0
142,0
185,0
520,0
139,1
244,0
221,0
266,0
623,0
162,0
80,0
158,0
540,0
140,0
264,1
353,1
87,0
838,1
144,1
78,1
55,0
206,0
648,1
251,1
370,0
334,1
137,0
122,0
75,0
836,1
176,0
271,1
827,0
218,0
258,0
67,0
199,0
71,0
220,0
124,0
243,0
198,0
461,0
82,0
284,0
204,0
35,0
291,0
201,0
297,0
384,0
250,0
479,0
324,0
404,0
156,0
240,0
60,0
403,0
114,0
35,0
188,0
618,0
528,0
104,0
622,0
583,1
18,0
91,0
743,0
283,0
172,0
39,0
474,0
275,0
361,0
124,0
253,0
350,0
309,0
339,0
77,0
58,0
125,0
34,0
191,0
1579,1
228,0
316,0
177,0
35,0
495,1
150,0
617,0
352,0
211,0
99,0
177,0
137,0
156,0
268,0
270,0
94,0
54,0
670,0
1025,1
168,0
1122,0
98,0
75,0
176,0
90,0
172,0
884,0
298,1
117,0
1174,1
229,0
284,0
272,0
165,0
244,0
346,1
150,0
80,0
126,0
693,0
129,0
83,0
144,0
257,0
1463,1
76,0
285,1
218,0
570,0
174,0
462,0
76,0
281,0
1087,0
178,0
667,1
62,0
114,0
60,0
563,0
79,0
198,0
118,0
314,0
241,0
653,0
66,0
77,0
178,0
127,1
483,0
308,0
289,0
44,0
168,0
130,0
96,0
249,0
100,0
105,0
75,0
144,0
357,0
285,0
700,1
257,0
487,0
235,0
290,0
125,0
241,0
772,0
657,0
123,0
255,0
375,0
386,0
280,0
772,0
380,0
302,0
399,0
453,0
567,0
91,0
44,0
640,0
417,0
1365,1
194,0
176,0
71,0
63,0
433,0
127,0
449,0
472,0
1007,0
383,0
256,0
668,0
211,0
348,0
792,0
55,0
282,0
198,0
104,0
370,0
1285,0
48,0
316,0
279,0
225,0
299,1
193,0
804,0
211,0
274,0
399,0
691,0
344,0
426,1
539,0
161,1
137,0
580,0
119,0
296,0
179,0
169,0
429,0
137,0
466,0
263,0
75,0
287,0
176,0
442,0
304,0
594,0
772,0
647,0
263,0
127,0
71,0
432,0
332,0
829,0
614,0
797,0
102,0
1410,0
944,1
246,0
234,0
551,1
427,0
340,0
579,0
561,0
1156,1
307,0
192,0
46,0
71,0
109,0
35,0
377,0
81,0
360,0
141,0
430,0
282,0
260,0
226,0
164,0
125,0
620,0
141,0
557,0
50,0
222,0
434,0
180,0
156,1
345,0
118,0
85,0
233,0
249,0
179,0
52,0
112,0
392,0
113,0
119,0
98,0
85,0
515,0
402,0
408,0
76,0
224,0
294,0
420,0
346,0
198,0
108,0
238,0
548,0
416,0
86,0
599,0
210,0
344,0
329,0
236,0
82,0
416,0
612,0
177,0
678,1
150,0
199,0
112,0
704,0
372,0
135,0
486,0
709,1
71,0
462,0
156,0
203,0
77,0
486,0
341,0
267,0
1017,1
246,0
185,0
313,0
115,0
377,0
135,0
451,0
351,0
126,0
456,0
306,0
178,0
76,0
292,0
406,0
239,0
514,0
51,0
1095,1
468,0
172,0
122,0
452,1
185,0
196,0
88,0
31,0
268,0
143,0
111,0
357,0
151,0
400,0
952,1
73,0
832,0
251,0
303,0
101,0
79,0
113,0
268,0
172,0
237,0
517,0
981,0
531,0
158,0
106,0
58,0
351,0
299,0
69,0
418,0
351,0
471,0
47,0
264,0
57,0
53,0
183,0
139,0
515,0
289,0
132,0
83,0
840,1
921,0
519,0
299,0
97,0
84,0
73,0
307,0
1311,1
107,0
193,0
248,0
386,0
332,0
499,0
71,0
362,0
181,0
161,0
334,0
997,1
183,0
42,0
462,0
74,0
234,0
245,0
218,0
574,1
1161,0
754,0
609,0
235,0
146,0
518,0
345,0
239,0
218,0
52,0
82,0
140,0
68,0
707,0
212,0
51,0
156,1
53,0
193,0
198,0
108,0
137,0
9,0
92,0
882,1
576,0
191,0
98,0
777,0
161,0
117,0
329,0
155,0
106,0
76,0
1007,1
382,0
496,0
464,0
82,0
343,0
75,0
526,1
43,0
45,0
1624,1
95,0
175,0
208,0
87,0
26,0
218,0
342,0
254,0
85,0
73,0
145,0
171,0
372,0
108,0
153,0
138,0
175,0
247,0
404,1
362,0
286,0
316,0
251,0
370,0
274,0
324,0
206,0
191,0
367,1
141,0
200,0
279,0
214,0
122,0
649,0
14,0
397,0
263,0
72,0
433,0
407,0
278,0
216,0
33,0
55,0
419,0
113,0
157,0
40,0
53,0
100,0
637,0
317,0
294,0
77,0
492,0
70,0
401,0
238,0
130,1
212,0
36,0
611,0
359,0
280,0
107,0
654,0
834,0
345,1
79,0
156,0
41,0
211,0
54,0
1080,1
301,0
203,0
19,0
182,0
401,0
237,0
198,0
715,1
346,0
508,0
115,0
463,0
73,0
775,0
140,0
100,0
301,0
231,0
727,0
42,0
160,0
130,0
222,0
402,0
297,0
207,0
135,0
422,0
22,0
107,1
1034,0
326,0
91,0
40,0
333,0
476,1
326,0
108,1
99,0
240,0
158,0
365,0
219,0
188,0
96,0
149,1
412,0
145,0
65,0
182,0
114,0
194,0
188,1
126,0
93,0
772,1
69,0
165,0
395,0
345,0
815,0
147,0
224,0
150,0
74,0
124,0
771,0
460,0
300,0
17,0
254,0
239,0
73,0
473,0
139,0
128,0
405,0
52,0
153,0
370,0
642,0
232,0
170,1
333,0
413,0
163,0
599,0
246,0
322,0
232,0
95,0
181,0
104,1
186,0
115,0
598,0
323,0
273,0
160,0
134,0
203,0
541,0
266,0
378,1
220,0
606,0
105,0
378,1
246,0
1130,0
156,0
949,1
276,0
2926,1
88,0
155,0
185,0
278,0
273,0
171,0
166,0
1426,0
795,0
441,0
398,0
340,0
308,0
218,0
647,0
57,0
170,0
666,0
244,0
146,0
318,0
278,0
426,0
229,0
74,0
1184,0
464,0
334,0
61,0
2053,0
69,0
277,0
1064,0
163,0
501,0
245,0
738,0
87,0
335,0
204,0
140,0
446,0
164,1
179,0
151,0
65,0
174,0
489,0
758,0
469,0
48,0
368,0
48,0
54,0
342,0
183,0
73,0
315,0
394,1
636,1
14,0
320,1
100,0
238,0
317,0
271,1
202,0
99,0
50,0
321,0
202,0
177,0
211,0
108,0
672,0
225,0
952,0
119,0
131,0
171,0
239,0
193,0
544,0
2139,1
314,1
1038,0
625,0
756,0
191,0
1013,0
392,0
119,0
324,0
427,0
180,0
200,0
660,0
541,1
114,0
291,0
72,0
184,0
479,0
114,0
196,0
148,0
158,1
12,0
345,0
95,0
9,0
483,0
152,0
415,0
206,1
630,0
384,0
322,0
287,0
184,0
438,1
1332,1
397,0
774,0
390,0
173,0
430,0
12,0
263,0
383,0
360,0
311,0
88,0
124,0
1202,1
390,0
105,0
37,0
79,0
14,0
506,0
257,0
150,0
156,0
142,0
1112,1
169,0
339,0
220,0
525,0
374,0
210,0
533,0
390,0
122,0
73,0
249,0
136,0
186,0
406,0
566,0
223,0
421,0
83,0
227,1
860,1
354,0
207,0
68,0
62,0
17,0
89,0
267,0
386,0
193,0
69,0
214,0
239,0
1550,1
241,0
29,0
121,0
61,0
234,0
185,0
399,0
19,0
96,0
218,0
131,0
26,0
143,0
159,0
386,0
279,0
245,0
201,0
428,0
128,0
7,0
466,0
304,0
185,0
108,0
90,0
122,0
365,0
285,0
275,0
7,0
285,0
158,0
178,0
199,0
63,0
65,0
199,0
188,0
534,0
198,0
130,0
352,0
210,0
670,1
62,0
712,0
401,0
59,0
17,0
319,0
142,0
314,0
28,0
133,1
317,0
79,0
190,1
111,0
222,0
49,0
277,0
9,0
698,0
7,0
13,0
714,0
257,0
785,1
322,0
658,0
98,0
144,0
42,0
12,0
254,0
9,0
123,0
97,0
207,0
712,1
274,0
72,0
207,0
37,0
19,0
517,0
24,0
18,0
238,0
163,0
982,0
231,0
164,0
94,0
450,0
107,1
274,0
200,0
90,0
194,1
250,0
79,0
538,0
257,0
21,0
335,0
96,0
72,0
166,0
92,0
63,0
508,0
219,0
51,0
19,0
41,0
80,0
59,0
68,0
611,0
45,0
216,1
204,0
92,0
11,0
473,0
110,0
87,0
92,0
720,1
178,0
84,0
123,0
16,0
617,0
76,0
205,0
62,0
33,0
246,0
44,0
83,0
213,1
586,1
443,0
201,0
379,0
330,0
40,0
293,0
240,0
130,0
190,0
15,0
59,0
111,0
157,0
372,0
128,0
637,0
140,0
222,0
20,0
151,0
272,0
15,0
64,0
147,0
170,0
217,0
53,0
187,0
60,0
180,0
162,0
75,0
405,0
818,0
297,0
159,0
293,0
54,0
691,1
132,0
567,1
64,0
19,0
22,0
904,1
239,0
354,0
145,0
95,0
400,0
197,0
221,0
318,0
96,0
222,0
308,0
54,0
349,1
6,0
91,0
44,0
48,0
157,0
715,0
87,0
325,1
334,0
9,0
72,0
238,0
245,0
227,1
297,0
108,0
38,0
59,0
222,0
23,0
148,0
181,0
190,0
82,0
151,0
180,0
253,0
202,0
47,0
211,0
249,0
63,0
147,0
170,0
151,0
224,0
430,0
107,0
205,1
379,0
42,0
129,0
76,1
20,0
379,0
180,0
116,0
153,0
93,0
369,0
291,0
268,0
143,0
78,0
226,0
174,0
247,0
148,1
98,0
121,0
114,0
326,0
89,0
281,0
345,0
53,0
97,1
165,0
113,0
207,0
185,1
121,0
112,1
116,0
177,0
111,0
378,0
44,0
241,1
163,1
237,0
666,0
137,0
305,0
87,0
131,0
110,0
333,0
48,0
86,0
419,0
16,0
325,0
766,0
169,0
97,0
58,0
267,0
345,1
476,0
115,0
257,0
163,1
517,0
340,0
124,0
131,0
436,0
53,0
172,0
861,0
414,0
74,0
28,0
542,0
170,0
198,0
393,0
168,0
230,0
48,0
243,0
1422,1
150,0
18,0
239,0
267,1
45,0
528,0
55,0
72,0
16,0
54,0
228,0
104,0
73,0
687,0
90,0
104,0
114,1
233,0
258,0
334,0
143,0
400,0
289,0
81,0
64,0
155,0
66,0
1010,0
1817,1
137,0
67,0
120,1
1030,1
151,0
121,1
17,0
885,1
92,0
724,0
68,0
36,0
453,1
58,0
304,0
282,0
58,0
81,0
401,0
246,0
270,0
108,0
643,0
76,0
11,0
91,0
87,0
89,0
81,0
93,0
70,0
226,0
172,0
121,0
249,0
8,0
10,0
132,0
890,0
10,0
294,0
534,0
529,0
8,0
7,0
8,0
81,0
9,0
10,0
400,0
200,0
22,0
241,0
32,0
52,0
69,0
145,0
562,0
26,0
124,0
18,0
11,0
21,0
415,0
140,0
87,0
138,0
16,0
116,0
316,0
198,0
102,0
72,0
31,0
9,0
190,0
280,0
152,0
36,0
58,0
13,0
404,0
136,0
7,0
277,0
93,0
23,0
281,0
20,0
233,0
197,0
220,0
1333,1
104,0
179,0
12,0
69,0
579,0
173,0
231,0
259,0
780,0
405,0
20,0
204,0
847,0
242,0
243,0
505,0
355,0
307,0
72,0
250,0
164,0
18,0
57,0
372,0
353,0
8,0
250,0
39,0
22,0
122,0
21,0
31,0
554,0
212,0
144,0
34,0
98,0
639,0
106,0
94,0
6,0
8,0
7,0
1156,0
178,0
208,0
43,0
25,0
6,0
659,0
5,0
149,0
627,0
943,1
305,0
235,1
146,1
333,1
110,1
186,0
159,0
142,0
336,0
274,1
1348,1
396,1
207,1
109,1
189,0
219,0
222,0
100,1
164,1
252,0
211,1
243,1
75,0
63,0
95,0
110,0
106,1
47,0
645,0
446,0
121,1
946,0
356,1
158,1
847,1
242,1
137,1
278,1
129,1
157,1
204,1
126,0
183,0
94,0
154,0
71,0
220,0
186,0
343,0
341,1
400,1
621,1
219,1
315,1
156,0
314,1
101,0
319,1
164,0
104,1
145,1
102,0
94,1
165,1
416,1
307,1
138,1
87,0
279,1
91,0
108,0
245,1
124,1
107,1
176,0
382,0
116,0
229,1
1288,1
545,1
371,1
229,1
328,1
164,0
67,0
477,0
94,0
266,1
247,1
201,0
172,1
270,1
413,1
141,0
117,0
163,1
155,0
522,1
91,0
106,0
333,0
116,1
77,0
86,0
191,0
115,0
65,0
143,0
160,1
78,0
117,0
105,0
111,0
693,1
227,1
202,1
222,0
173,0
83,0
44,0
89,0
124,1
54,0
98,0
97,1
218,0
107,0
227,0
148,1
444,1
88,0
160,0
167,0
360,1
62,0
81,0
66,0
122,1
90,0
151,0
151,0
139,0
165,0
118,0
177,1
186,0
50,0
56,0
101,0
89,0
507,1
636,1
961,1
80,0
75,0
153,0
164,0
169,0
85,0
170,0
211,0
192,0
179,0
358,0
523,1
510,1
571,1
400,1
185,0
67,0
968,1
701,1
381,1
571,1
108,0
239,1
109,0
525,0
224,1
63,0
662,1
494,1
243,0
364,0
243,0
412,1
353,0
268,0
264,0
208,1
499,1
407,1
220,0
447,1
62,0
41,0
85,0
121,0
160,0
619,1
387,1
401,0
239,0
155,0
313,1
152,0
871,1
297,1
413,1
231,1
104,0
328,1
281,1
119,0
733,1
335,1
252,1
815,1
620,1
706,0
354,1
347,1
271,1
110,0
551,0
222,0
294,1
383,1
41,0
177,1
368,1
126,0
1277,1
267,0
390,1
381,1
187,0
200,0
156,0
218,1
116,0
465,1
900,1
132,0
394,1
127,0
321,0
381,1
279,0
202,1
375,1
779,1
246,1
584,0
878,0
504,1
195,0
99,0
222,0
78,0
58,0
160,0
337,1
200,1
115,0
369,1
341,1
297,1
237,1
110,0
687,1
193,0
216,0
135,0
126,0
266,1
455,0
53,0
524,0
225,1
258,0
104,0
124,0
308,0
344,1
400,1
103,0
24,0
132,0
141,0
207,0
284,0
800,1
204,0
85,0
472,0
99,0
196,0
452,0
586,0
316,1
270,0
461,1
127,0
113,0
526,1
315,1
130,0
97,0
423,1
311,0
171,0
209,0
64,0
209,1
457,1
260,1
146,0
354,1
94,0
482,1
309,1
173,0
261,1
439,1
171,0
616,1
198,0
76,0
278,1
280,0
249,0
68,0
269,1
532,1
1373,1
97,0
102,0
48,0
226,0
88,0
574,1
917,1
242,1
430,1
228,0
483,1
156,0
306,1
130,0
96,0
452,1
285,0
666,0
458,1
473,1
209,0
69,0
352,1
27,0
81,0
260,1
780,1
107,0
580,1
398,0
79,0
214,0
258,1
834,1
114,0
435,1
211,0
441,0
615,1
555,1
149,0
384,1
168,0
319,0
664,1
184,0
811,1
71,0
354,0
85,0
116,0
488,0
460,1
477,1
63,0
970,1
266,1
618,1
774,1
132,0
121,0
175,1
861,1
296,0
240,1
329,0
147,0
113,0
327,1
264,0
115,0
82,0
127,0
874,1
44,0
56,0
510,0
513,0
189,0
416,1
301,0
243,0
140,0
109,0
126,0
652,1
96,0
144,0
92,0
475,1
236,0
193,0
645,1
342,1
73,0
301,1
1143,1
380,1
210,0
427,1
370,1
73,0
949,1
753,1
1260,1
108,0
95,0
652,1
1034,1
766,1
266,1
35,0
369,0
502,1
509,1
132,0
136,0
567,1
501,1
374,0
712,1
117,0
347,0
157,0
259,1
1958,0
119,0
87,0
208,0
47,0
265,1
104,0
374,1
675,1
60,0
410,1
390,0
303,1
312,0
244,0
160,0
130,0
74,0
364,0
392,1
63,0
193,1
267,1
1602,1
200,0
244,1
359,0
16,0
45,0
447,1
226,1
170,0
597,1
963,1
417,1
301,1
136,0
133,0
1076,1
643,1
47,0
275,0
251,1
293,1
592,1
90,0
437,0
101,0
346,0
364,0
195,0
59,0
95,0
233,0
64,0
77,0
77,0
98,0
274,1
15,0
127,0
532,1
535,0
106,0
287,1
174,0
212,0
300,1
367,1
52,0
297,0
77,0
214,1
228,1
378,0
7,0
34,0
347,0
291,0
190,0
164,0
92,0
26,0
90,0
222,0
74,0
383,0
434,1
172,0
54,0
96,0
334,0
180,0
150,0
76,0
173,0
63,0
101,0
238,0
79,0
619,1
190,0
257,0
370,0
306,0
130,0
1046,1
77,0
90,0
181,0
121,0
336,0
72,0
237,1
211,0
458,1
110,0
392,0
100,0
124,0
115,0
922,1
107,0
77,0
220,0
75,0
601,1
198,0
191,0
434,0
497,0
312,0
186,0
25,0
78,0
264,0
353,1
290,0
79,0
949,1
99,0
313,0
104,0
742,1
1370,1
20,0
528,0
675,0
134,0
126,0
159,0
1121,0
268,1
230,0
172,0
417,0
716,1
365,1
240,0
104,0
617,1
89,0
333,1
13,0
288,1
174,0
483,1
8,0
6,0
1091,1
206,1
150,0
1063,1
36,0
79,0
8,0
21,0
99,0
72,0
354,0
520,0
340,1
254,0
76,0
108,0
429,1
399,0
10,0
196,0
399,0
331,1
11,0
775,1
78,0
83,0
143,0
40,0
14,0
841,1
230,0
23,0
15,0
7,0
846,0
211,0
9,0
640,1
124,0
16,0
673,1
362,0
520,0
75,0
8,0
157,0
226,1
205,0
574,0
159,0
85,0
171,0
136,0
762,1
813,0
466,0
88,0
29,0
142,0
94,0
35,0
11,0
17,0
148,0
155,0
43,0
307,0
19,0
146,0
39,0
106,0
15,0
272,0
10,0
245,0
18,0
84,0
24,0
145,0
337,0
184,0
632,0
326,0
222,0
169,0
105,0
363,0
332,0
334,0
72,0
214,0
276,0
106,0
461,0
31,0
51,0
215,0
133,0
301,0
415,0
17,0
151,0
259,0
181,0
169,0
168,0
60,0
98,0
123,0
243,0
377,0
57,0
234,0
234,0
17,0
129,0
154,0
29,0
266,0
163,0
382,0
225,0
358,0
668,1
180,0
494,1
121,0
391,0
142,0
1240,1
895,1
851,1
145,0
118,0
392,1
175,0
731,1
301,0
55,0
286,0
242,0
516,0
163,0
163,0
173,0
86,0
863,1
227,0
139,0
479,0
28,0
17,0
62,0
80,0
48,0
459,0
358,0
233,0
187,0
131,0
188,0
95,0
1090,1
604,0
381,0
103,0
197,0
168,0
225,0
46,0
247,0
400,1
323,0
269,0
500,0
180,0
252,0
545,0
298,0
718,0
620,0
696,0
239,0
44,0
98,0
68,0
188,0
123,0
1130,0
136,0
838,1
325,0
397,0
173,0
659,0
201,0
143,0
39,0
456,0
196,0
150,0
108,0
141,0
236,0
125,0
675,0
84,0
258,0
60,0
18,0
241,0
151,0
154,0
399,0
34,0
295,0
273,0
659,0
345,0
227,0
323,0
335,0
294,0
388,0
123,0
87,0
141,0
127,0
106,0
79,0
22,0
159,0
67,0
623,0
197,0
54,0
409,0
335,0
206,0
394,0
811,1
272,0
65,0
145,0
442,0
568,1
259,1
220,0
59,0
42,0
313,0
29,0
13,0
231,0
235,0
955,1
221,0
157,0
359,0
470,0
11,0
495,0
383,0
295,0
155,0
107,0
93,0
277,0
166,0
542,0
58,0
237,0
184,0
325,0
1221,1
360,0
245,0
67,0
131,0
57,0
37,0
257,0
132,0
247,0
348,0
335,0
217,0
127,0
93,0
499,1
71,0
414,0
64,0
352,0
398,0
399,0
253,0
227,0
160,0
160,0
316,0
69,0
41,0
76,0
284,0
90,0
206,0
157,0
246,0
162,0
43,0
259,0
585,0
209,0
290,0
387,0
67,0
253,0
301,0
106,0
179,0
283,0
114,0
159,0
64,0
198,0
343,0
200,0
552,0
228,0
223,0
496,0
397,0
88,0
876,0
305,0
101,0
334,0
788,1
183,0
118,0
69,0
355,0
894,1
1101,0
170,0
205,0
325,0
150,0
442,0
160,0
85,0
83,0
281,0
369,0
304,0
159,0
71,0
263,0
219,0
342,0
335,0
334,0
414,0
342,0
200,0
297,0
500,1
279,0
338,0
318,0
322,0
147,0
63,0
306,0
214,0
81,0
378,0
176,0
670,1
167,0
333,0
1100,0
192,0
180,0
477,0
240,0
124,0
122,0
351,0
180,0
178,0
157,0
211,0
521,1
862,1
169,0
319,0
67,0
75,0
674,0
209,0
185,0
211,0
203,0
205,0
469,0
523,0
36,0
371,0
52,0
475,0
233,0
672,1
328,0
1085,1
118,0
102,0
206,0
176,0
370,0
278,0
111,0
275,0
320,0
305,0
259,0
399,0
165,0
126,0
189,0
193,0
104,0
418,0
408,0
74,0
195,0
221,0
84,0
368,0
305,0
614,0
160,0
104,0
142,0
55,0
7,0
199,0
105,0
148,0
88,0
87,0
54,0
201,0
206,0
451,1
147,0
121,0
303,0
78,0
438,0
219,0
210,0
113,0
241,0
194,0
814,0
327,0
224,0
275,0
257,0
248,0
207,0
197,0
653,1
197,0
87,0
207,0
327,0
215,0
62,0
293,0
334,0
372,0
345,0
473,0
133,0
285,0
128,0
26,0
731,1
488,1
401,0
38,0
74,0
293,0
473,0
219,0
14,0
178,0
362,0
343,0
152,0
403,0
767,1
236,0
249,0
227,0
100,0
139,0
595,0
142,0
376,0
160,0
132,0
438,0
100,0
94,0
222,0
50,0
954,1
403,0
106,0
848,1
304,0
439,0
119,0
36,0
644,0
109,0
34,0
200,0
145,0
72,0
19,0
272,0
177,0
90,0
125,0
339,0
153,0
530,1
291,0
223,0
208,0
54,0
503,0
174,0
95,0
465,0
257,0
168,0
404,0
253,0
147,0
153,0
128,0
274,0
278,0
55,0
101,0
115,0
366,0
129,0
90,0
576,1
209,0
597,1
274,0
195,0
188,0
177,0
137,0
42,0
305,0
162,0
151,0
340,0
109,0
209,0
170,0
569,0
597,1
274,0
984,1
234,0
156,0
339,0
205,0
124,0
597,0
226,0
143,0
181,0
96,0
164,0
238,0
236,0
158,0
26,0
159,0
338,0
187,0
159,0
116,0
196,0
49,0
410,0
990,0
244,0
47,0
258,0
267,0
123,0
37,0
186,0
59,0
333,0
144,0
225,0
472,0
45,0
1079,0
94,0
161,0
199,0
68,0
60,0
686,0
64,0
249,0
198,0
118,0
187,0
146,0
364,0
208,0
378,0
84,0
10,0
39,0
66,0
78,0
611,1
193,0
155,0
318,0
175,0
1205,1
413,0
167,0
251,0
270,0
211,0
107,0
124,0
17,0
477,0
265,0
159,0
837,1
221,0
136,0
318,0
51,0
285,0
29,0
585,0
106,0
16,0
184,0
52,0
128,0
282,0
57,0
839,1
50,0
457,0
301,0
37,0
148,0
72,0
203,0
18,0
254,0
204,0
451,0
334,0
428,0
289,0
317,0
153,0
150,0
674,0
445,1
123,0
176,0
297,0
92,0
189,0
728,0
127,0
179,0
98,0
135,0
251,0
1131,0
148,0
156,0
519,1
343,0
64,0
903,0
106,0
459,0
109,0
100,0
139,0
159,0
47,0
161,0
322,0
45,0
197,0
687,1
89,0
231,0
230,0
389,0
323,0
125,0
174,0
89,0
74,0
540,1
181,0
193,0
288,0
305,0
353,0
169,0
139,0
127,0
204,0
137,0
827,0
150,0
402,0
319,0
203,0
109,0
311,0
110,0
175,0
207,0
92,0
147,0
48,0
164,0
321,0
90,0
191,0
130,0
317,0
138,0
194,0
550,1
811,0
125,0
430,1
124,0
184,0
124,0
182,0
118,0
79,0
138,0
289,0
482,0
654,0
198,0
145,0
116,0
500,0
141,0
68,0
346,0
131,0
220,0
181,0
756,0
309,0
91,0
323,0
82,0
316,0
283,0
133,0
120,0
189,0
127,0
251,0
754,1
84,0
320,0
222,0
554,1
302,0
239,0
396,1
250,0
167,0
136,0
322,0
97,0
206,0
51,0
281,0
17,0
825,0
62,0
253,0
487,0
155,0
96,0
311,0
90,0
402,0
22,0
89,0
228,0
350,0
175,0
549,0
133,0
160,0
192,0
103,0
765,1
88,0
422,0
74,0
149,0
70,0
87,0
233,0
28,0
346,0
172,0
523,0
147,0
265,0
57,0
246,0
82,0
328,0
151,0
85,0
345,0
168,0
239,0
169,0
358,0
116,0
222,0
1489,1
349,0
102,0
593,0
1347,1
69,0
307,0
242,0
143,0
129,0
320,0
290,0
206,0
270,0
1369,0
456,0
17,0
231,0
293,0
215,0
273,0
804,0
606,0
142,0
217,0
261,0
309,0
232,0
152,0
335,0
437,0
167,0
140,0
458,0
91,0
284,0
185,0
77,0
467,0
187,0
1074,1
97,0
362,0
445,0
227,0
281,0
667,1
686,1
157,0
22,0
276,0
232,0
117,0
232,0
940,0
337,0
361,0
796,0
606,1
31,0
55,0
86,0
219,0
25,0
210,0
16,0
113,0
315,0
343,0
175,0
82,0
270,0
83,0
57,0
124,0
240,0
413,0
755,0
106,0
187,0
633,0
247,0
370,0
205,0
51,0
195,0
157,0
531,0
512,0
155,0
263,0
204,0
98,0
82,0
31,0
923,1
92,0
47,0
22,0
149,0
98,0
62,0
203,0
689,0
102,0
191,0
27,0
203,0
277,0
722,0
449,0
224,0
189,0
45,0
248,0
127,0
189,0
549,0
104,0
85,0
252,0
121,0
197,0
348,0
265,0
333,0
25,0
623,1
84,0
131,0
132,0
104,0
19,0
187,0
197,0
50,0
201,0
171,0
63,0
183,0
113,0
317,0
329,0
95,0
144,0
1957,0
556,0
49,0
393,0
383,0
141,0
70,0
327,0
375,0
101,0
46,0
146,0
184,0
176,0
148,0
429,0
213,0
402,0
155,0
130,0
155,0
290,0
107,0
87,0
754,0
29,0
345,0
48,0
92,0
193,0
149,0
252,0
69,0
198,0
63,0
172,0
83,0
462,0
397,0
229,0
1046,1
1145,0
159,0
56,0
1148,1
609,0
133,0
502,0
162,0
855,1
542,1
91,0
245,0
123,0
40,0
234,0
126,0
609,1
219,0
128,0
93,0
189,0
217,0
302,0
223,0
102,0
11,0
1191,0
406,0
36,0
16,0
551,0
158,0
278,0
192,0
79,0
273,0
143,0
346,0
272,0
282,0
147,0
60,0
50,0
239,0
86,0
163,0
356,0
124,0
229,0
208,0
236,0
647,1
426,0
625,1
259,0
122,0
574,1
35,0
213,0
46,0
128,0
93,0
983,1
49,0
168,0
141,0
31,0
72,0
232,0
199,0
279,0
314,0
282,0
282,0
63,0
391,0
313,0
168,0
199,0
176,0
446,0
275,0
281,0
143,0
362,0
165,0
65,0
320,0
166,0
248,0
170,0
54,0
569,0
220,0
57,0
490,0
59,0
158,0
147,0
195,0
134,0
447,0
304,0
293,0
130,0
1129,1
41,0
242,0
113,0
263,0
199,0
105,0
332,0
155,0
271,0
142,0
491,0
141,0
176,0
154,0
196,0
290,0
309,0
69,0
275,0
481,1
355,0
230,0
207,0
326,0
468,0
125,0
118,0
172,0
6,0
188,0
55,0
412,0
245,0
213,0
361,0
160,0
661,1
51,0
183,0
99,0
110,0
101,0
174,0
66,0
191,0
332,0
162,0
55,0
304,0
141,0
43,0
623,1
213,0
56,0
219,0
263,0
446,0
267,0
135,0
67,0
228,0
476,1
118,0
207,0
193,0
247,0
122,0
103,0
67,0
159,0
121,0
182,0
101,0
156,0
957,1
652,0
258,0
72,0
349,0
281,0
104,0
287,0
154,0
193,0
94,0
356,0
122,0
140,0
135,0
97,0
590,0
87,0
633,0
92,0
370,0
560,0
473,0
352,0
295,0
121,0
360,0
195,0
225,0
166,0
589,0
228,0
101,0
102,0
178,0
235,0
18,0
253,0
347,1
430,0
100,0
1030,1
45,0
127,0
56,0
1254,0
895,1
65,0
270,0
325,0
279,0
195,0
539,0
643,0
262,0
54,0
798,1
115,0
95,0
425,0
153,0
266,0
57,0
33,0
330,0
304,0
308,0
594,1
373,0
87,0
314,0
50,0
245,0
247,0
437,0
458,0
96,0
253,0
271,0
227,0
582,0
423,0
422,0
49,0
244,0
924,0
126,0
188,0
190,0
580,0
227,0
600,0
580,0
639,0
244,0
245,0
178,0
212,0
35,0
227,0
201,0
158,0
198,0
1806,1
146,0
202,0
556,0
728,0
189,0
262,0
1391,1
132,0
11,0
166,0
217,0
1516,1
202,0
252,0
350,0
93,0
428,0
908,0
246,0
140,0
603,0
592,0
195,0
191,0
245,0
300,0
739,0
225,0
429,0
293,0
434,0
79,0
388,0
128,0
269,0
273,0
291,0
364,0
249,0
109,0
337,0
219,0
235,0
700,0
161,0
181,0
432,0
476,0
877,1
263,0
156,0
792,1
589,0
215,0
84,0
329,0
553,1
174,0
253,0
127,0
265,0
272,0
113,0
37,0
1135,1
239,0
376,0
255,0
324,0
228,0
20,0
635,0
209,0
274,0
831,0
541,0
162,0
892,0
123,0
63,0
882,1
146,0
463,0
43,0
190,0
62,0
350,0
273,0
172,0
304,0
245,0
411,0
251,0
177,0
239,0
100,0
878,1
206,0
1262,1
597,1
138,0
857,0
133,0
10,0
681,0
1051,0
235,0
42,0
59,0
369,0
212,0
55,0
490,0
227,0
388,0
702,0
1297,0
201,0
155,0
208,0
189,0
340,0
148,0
378,0
181,0
373,0
873,0
170,0
141,0
182,0
128,0
156,0
262,0
328,0
142,0
17,0
143,0
608,0
150,0
130,0
145,0
191,0
662,1
302,0
440,0
41,0
253,0
132,0
164,0
906,0
131,0
127,0
104,0
317,0
263,0
67,0
11,0
165,0
795,0
98,0
729,1
80,0
138,0
85,0
39,0
159,0
298,0
57,0
76,0
56,0
166,0
68,0
88,0
1077,1
168,0
440,0
81,0
126,0
65,0
380,0
114,0
181,0
157,0
293,0
1022,0
106,0
264,0
84,0
72,0
364,0
108,0
7,0
105,0
26,0
266,0
206,0
197,0
103,0
328,0
285,0
63,0
776,1
132,0
211,0
53,0
763,1
94,0
213,0
475,0
240,0
198,0
340,0
247,0
191,0
154,0
122,0
232,0
65,0
279,0
130,0
557,0
63,0
77,0
395,0
275,0
171,0
17,0
265,0
40,0
208,0
163,0
240,0
74,0
49,0
70,0
208,0
103,0
302,0
103,0
75,0
97,0
14,0
137,0
19,0
144,0
158,0
307,0
182,0
1281,0
153,0
389,0
290,0
134,0
153,0
851,0
295,0
139,0
182,0
704,1
500,0
168,0
101,0
56,0
299,0
6,0
159,0
318,0
263,0
833,1
291,0
209,0
86,0
80,0
52,0
346,0
813,1
47,0
1014,0
612,0
144,0
498,0
232,0
203,0
268,0
210,0
312,0
364,0
31,0
561,0
44,0
212,0
49,0
278,0
763,0
50,0
402,0
349,0
134,0
343,0
120,0
128,0
191,0
114,0
239,0
111,0
93,0
92,0
43,0
301,0
88,0
87,0
108,0
577,0
175,0
396,0
98,0
86,0
936,0
39,0
80,0
144,0
310,0
525,0
127,0
99,0
501,1
105,0
414,0
318,0
445,0
374,0
191,0
1276,1
51,0
139,0
237,0
145,0
136,0
308,0
1243,0
52,0
77,0
217,0
197,0
55,0
579,1
125,0
90,0
131,0
171,0
478,0
70,0
424,0
120,0
326,0
1080,1
398,0
157,0
87,0
196,0
164,0
137,0
56,0
269,0
159,0
340,0
94,0
308,1
763,1
140,0
132,0
261,0
56,0
66,0
197,0
254,0
157,0
468,0
451,0
55,0
9,0
191,0
87,0
301,0
662,1
101,0
56,0
248,0
273,0
78,0
18,0
705,0
82,0
207,0
53,0
568,1
364,0
67,0
131,0
186,0
212,0
306,0
198,0
129,0
161,0
579,0
491,0
176,0
1448,1
99,0
69,0
392,0
142,0
428,0
209,0
656,1
728,1
81,0
720,1
171,0
291,0
435,0
272,0
121,0
243,0
164,0
144,0
339,0
154,0
319,0
218,0
125,0
124,0
87,0
87,0
151,0
67,0
89,0
183,0
270,0
196,0
247,0
206,0
73,0
85,0
325,0
180,0
76,0
279,0
682,0
462,0
238,0
81,0
279,0
68,0
127,0
238,0
158,0
1642,0
69,0
356,0
25,0
146,0
264,0
345,0
474,0
75,0
77,0
254,0
219,0
175,0
261,0
456,0
241,0
297,0
117,0
103,0
95,0
198,0
182,0
226,0
133,0
123,0
211,0
473,0
26,0
137,0
85,0
238,0
316,0
408,0
144,0
428,0
422,0
44,0
294,0
288,0
311,0
273,0
91,0
36,0
37,0
104,0
326,0
376,0
44,0
104,0
323,0
309,0
347,0
247,0
217,0
47,0
207,0
130,0
455,0
154,0
202,0
147,0
86,0
318,0
503,0
262,0
83,0
177,0
186,0
334,0
274,0
154,0
286,0
187,0
557,0
186,0
134,0
237,0
367,0
104,0
612,0
40,0
506,0
191,0
267,0
187,0
296,0
174,0
224,0
235,0
128,0
55,0
156,0
685,1
1954,0
211,0
143,0
129,0
13,0
295,0
38,0
456,0
217,0
216,0
152,0
1024,1
405,0
518,0
438,0
129,0
682,1
361,0
311,0
1094,0
746,0
348,0
53,0
283,0
583,0
265,0
146,0
114,0
487,0
1049,0
213,0
466,0
348,0
263,0
324,0
83,0
267,0
340,0
418,0
553,0
546,0
156,0
288,0
364,0
219,0
129,0
282,0
89,0
152,0
323,0
311,0
108,0
548,0
199,0
63,0
173,0
177,0
383,0
72,0
26,0
713,0
15,0
423,1
81,0
211,0
322,0
349,0
248,0
142,0
102,0
82,0
84,0
9,0
20,0
332,0
13,0
21,0
62,0
240,0
229,0
61,0
30,0
10,0
88,0
14,0
125,0
156,0
50,0
15,0
80,0
304,0
108,0
295,0
259,0
54,0
573,0
652,0
443,0
55,0
67,0
206,0
23,0
249,0
485,0
94,0
26,0
309,0
194,0
657,1
313,0
577,0
457,0
547,0
246,0
210,0
27,0
267,0
502,0
139,0
57,0
212,0
590,0
7,0
81,0
528,0
195,0
106,0
9,0
156,0
94,0
351,0
73,0
313,0
66,0
143,0
255,0
164,0
55,0
197,0
189,0
261,0
165,0
84,0
117,0
288,0
58,0
496,0
87,0
108,0
285,0
69,0
207,0
128,0
277,0
1038,1
657,1
40,0
346,0
94,0
62,0
65,0
689,1
341,0
12,0
32,0
344,0
195,0
469,0
58,0
155,0
629,1
243,0
42,0
12,0
460,0
183,0
242,0
112,0
8,0
197,0
802,1
1514,1
15,0
182,0
934,1
422,0
214,0
152,0
248,0
141,0
67,0
279,0
188,0
254,0
135,0
231,0
212,0
227,0
85,0
75,0
220,0
80,0
202,0
340,0
549,0
472,0
409,0
479,0
236,0
308,0
91,0
90,0
15,0
186,0
200,0
161,0
262,0
49,0
369,0
471,0
198,0
568,0
410,0
116,0
163,0
100,0
59,0
686,0
28,0
256,0
295,0
114,0
200,0
733,1
170,0
214,0
474,1
101,0
306,0
115,0
106,0
231,0
14,0
240,0
701,1
231,0
666,1
712,0
239,0
219,0
102,0
75,0
216,0
190,0
181,0
178,0
204,0
405,0
274,0
227,0
46,0
360,0
7,0
74,0
490,0
105,0
226,0
189,0
87,0
386,0
18,0
149,0
222,0
131,0
225,0
21,0
40,0
627,0
151,0
105,0
8,0
114,0
281,0
347,0
154,0
103,0
95,0
214,0
323,0
197,0
628,0
465,0
133,0
553,0
225,0
388,0
49,0
59,0
86,0
21,0
99,0
165,0
123,0
54,0
41,0
1487,0
653,1
327,0
177,0
68,0
125,0
42,0
79,0
214,0
85,0
82,0
239,0
187,0
329,0
29,0
234,0
610,1
282,0
144,0
257,0
75,0
622,0
56,0
489,0
102,0
583,1
304,0
278,0
66,0
68,0
432,0
78,0
275,0
146,0
292,0
134,0
313,0
333,0
1114,0
50,0
207,0
672,1
552,0
249,0
72,0
412,0
299,0
124,0
109,0
251,0
400,0
101,0
82,0
494,0
930,1
146,0
262,0
177,0
124,0
239,0
158,0
91,0
52,0
159,0
294,0
175,0
132,0
282,0
295,0
146,0
505,0
580,0
90,0
608,1
466,1
261,0
330,0
148,0
26,0
76,0
255,0
193,0
643,0
475,1
74,0
68,0
41,0
168,0
93,0
228,0
161,0
215,0
966,1
758,0
52,0
371,0
426,0
369,0
264,0
246,0
145,0
329,0
159,0
242,0
77,0
262,0
267,0
224,0
184,0
289,0
143,0
288,0
63,0
305,0
386,0
101,0
35,0
629,0
186,0
334,0
174,0
296,0
79,0
240,0
261,0
270,0
47,0
63,0
112,0
57,0
77,0
190,0
321,0
200,0
161,0
188,0
204,0
290,0
254,0
232,0
97,0
296,0
263,0
98,0
228,0
274,0
306,0
429,0
776,0
51,0
150,0
275,0
160,0
153,0
146,0
171,0
142,0
430,0
189,0
236,0
798,0
65,0
66,0
34,0
333,0
128,0
102,0
400,0
175,0
69,0
126,0
285,0
327,0
168,0
127,0
314,0
147,0
472,0
246,0
213,0
173,0
220,0
130,0
299,0
247,0
111,0
195,0
148,0
286,0
96,0
75,0
386,0
544,0
127,0
155,0
184,0
120,0
480,0
194,0
1232,1
69,0
133,0
193,0
70,0
206,0
152,0
243,0
437,0
259,0
182,0
447,0
238,0
410,0
472,0
83,0
254,0
56,0
204,0
102,0
226,0
217,0
217,0
379,0
145,0
74,0
271,0
0,0
258,0
180,0
196,0
135,0
300,0
347,0
1001,0
72,0
498,0
279,0
50,0
171,0
211,0
567,0
170,0
772,0
298,0
120,0
219,0
877,1
214,0
82,0
304,0
273,0
471,0
133,0
301,0
350,0
86,0
94,0
1388,1
508,0
338,0
208,0
1143,0
503,0
58,0
142,0
276,0
201,0
63,0
222,0
168,0
192,0
911,1
439,0
163,0
273,0
284,0
288,0
136,0
66,0
445,0
123,0
285,0
927,0
48,0
164,0
81,0
89,0
278,0
214,0
116,0
16,0
546,1
8,0
167,0
72,0
75,0
14,0
200,0
13,0
312,0
134,0
34,0
15,0
188,0
788,0
103,0
106,0
25,0
52,0
41,0
234,0
255,0
200,0
217,0
9,0
315,0
128,0
10,0
352,0
97,0
54,0
7,0
63,0
77,0
117,0
34,0
104,0
15,0
14,0
208,0
11,0
160,0
197,0
151,0
131,0
731,1
756,0
12,0
114,0
12,0
365,1
304,0
11,0
20,0
109,0
138,0
6,0
63,0
200,0
271,0
42,0
341,0
100,0
40,0
114,0
150,0
431,0
11,0
91,0
52,0
257,0
99,0
49,0
882,1
7,0
515,1
158,0
259,0
206,0
25,0
300,0
246,0
178,0
318,0
201,0
105,0
214,0
67,0
85,0
82,0
142,0
187,0
69,0
580,1
62,0
1203,1
58,0
64,0
631,0
658,1
942,0
207,0
104,0
377,0
66,0
128,0
291,0
115,0
524,0
358,0
366,0
23,0
560,1
52,0
347,0
107,0
48,0
145,0
74,0
451,0
53,0
612,1
305,0
104,0
176,0
507,0
103,0
242,0
137,0
223,0
124,0
63,0
137,0
23,0
22,0
59,0
703,1
179,0
690,1
85,0
25,0
11,0
1272,1
69,0
256,0
300,0
256,0
7,0
43,0
244,0
1062,1
22,0
429,0
494,0
296,0
92,0
17,0
826,1
243,0
184,0
245,0
198,0
360,0
139,0
54,0
232,0
517,0
418,0
153,0
116,0
168,0
261,0
69,0
212,0
121,0
23,0
306,0
202,0
342,0
22,0
455,0
245,0
33,0
58,0
41,0
360,0
179,0
174,0
43,0
68,0
212,0
38,0
639,0
483,0
205,0
344,0
141,0
113,0
87,0
238,0
27,0
155,0
337,0
24,0
365,0
37,0
25,0
109,0
152,0
179,0
118,0
272,0
30,0
79,0
324,0
426,1
196,0
151,0
366,0
211,0
43,0
816,0
189,0
590,1
315,0
131,0
78,0
97,0
337,0
185,0
78,0
55,0
442,0
36,0
74,0
326,0
81,0
179,0
527,0
918,1
225,0
787,1
15,0
279,0
416,0
83,0
25,0
542,0
256,0
189,0
251,0
116,0
1100,0
451,0
184,0
232,0
209,0
16,0
340,0
313,0
191,0
7,0
493,0
1182,1
216,0
184,0
360,0
165,0
161,0
84,0
61,0
267,0
351,0
183,0
516,0
393,0
286,0
87,0
277,0
200,0
725,1
204,0
175,0
247,0
136,0
218,0
59,0
146,0
77,0
245,0
482,0
56,0
354,0
396,0
136,0
549,0
17,0
439,0
107,0
369,0
356,0
561,0
175,0
309,1
139,0
148,0
139,0
549,1
395,0
145,0
119,0
88,0
463,0
232,0
57,0
300,0
83,0
200,0
225,0
844,1
293,0
262,0
137,0
130,0
387,0
211,0
246,0
357,0
322,0
584,0
240,0
374,0
215,0
22,0
207,0
183,0
100,0
955,1
146,0
31,0
334,0
271,0
223,0
95,0
106,0
36,0
458,1
53,0
148,0
179,0
223,0
165,0
127,0
158,0
409,1
165,0
88,0
536,0
380,0
1531,1
107,0
132,0
406,0
240,0
278,0
908,0
706,0
215,0
161,0
370,0
157,0
209,0
399,0
1925,0
829,1
328,0
109,0
178,0
242,0
450,0
485,0
76,0
328,0
289,0
163,0
118,0
53,0
453,0
324,0
637,1
301,0
139,0
118,0
32,0
278,0
112,0
34,0
80,0
609,1
276,0
548,1
291,0
1710,1
217,0
192,0
208,0
415,0
278,0
326,0
173,0
306,0
350,0
614,1
224,0
668,0
748,0
474,0
143,0
168,0
317,0
106,0
234,0
314,0
897,1
398,1
422,0
130,0
61,0
863,1
255,0
259,0
29,0
750,1
306,0
266,0
314,0
775,1
181,0
178,0
254,0
351,0
373,0
180,0
135,0
216,0
86,0
85,0
325,0
187,0
463,0
142,0
280,0
398,0
149,0
191,0
193,0
302,0
317,0
211,0
101,0
172,0
464,0
343,0
98,0
198,0
361,0
345,0
114,0
210,0
556,1
68,0
239,0
349,0
112,0
34,0
181,0
178,0
206,0
194,0
209,0
692,0
210,0
206,0
355,0
339,0
737,1
191,0
175,0
286,0
93,0
170,0
173,0
541,0
89,0
213,0
194,0
158,0
472,0
135,0
304,0
275,0
155,0
125,0
96,0
175,0
134,0
22,0
807,0
235,0
673,0
124,0
57,0
225,0
144,0
177,0
455,0
264,0
295,0
285,0
166,0
456,0
101,0
256,0
497,0
600,0
268,0
899,0
339,0
220,0
700,0
150,0
147,0
236,0
133,0
58,0
234,0
1388,0
130,0
57,0
70,0
31,0
50,0
496,1
94,0
83,0
29,0
16,0
46,0
20,0
152,0
61,0
389,0
1108,0
8,0
310,0
197,0
21,0
117,0
413,0
24,0
254,0
65,0
53,0
164,0
321,0
5,0
82,0
81,0
136,0
133,0
14,0
320,0
77,0
211,0
129,0
26,0
200,0
38,0
95,0
49,0
210,0
863,1
15,0
259,0
130,0
211,0
87,0
774,1
15,0
348,0
129,0
44,0
231,0
155,0
74,0
135,0
217,0
22,0
32,0
435,0
25,0
370,0
201,0
793,0
152,0
66,0
213,0
150,0
364,0
329,0
282,0
173,0
51,0
68,0
109,0
23,0
1073,1
207,0
193,0
134,0
224,0
173,0
67,0
149,0
29,0
610,1
118,0
95,0
84,0
43,0
93,0
172,0
161,0
785,0
628,0
172,0
200,0
134,0
51,0
850,1
526,1
140,0
93,0
87,0
318,0
9,0
19,0
157,0
79,0
9,0
19,0
659,1
39,0
502,0
113,0
267,0
30,0
355,0
43,0
240,0
10,0
17,0
47,0
296,0
69,0
323,0
167,0
570,1
516,1
220,0
177,0
388,0
61,0
585,1
699,0
133,0
6,0
96,0
318,0
413,0
66,0
590,1
272,0
88,0
15,0
152,0
902,1
294,0
15,0
290,0
12,0
31,0
135,0
142,0
669,1
123,0
391,1
93,0
133,0
99,0
256,0
394,1
74,0
67,0
131,0
149,0
27,0
152,0
116,0
41,0
302,1
275,0
128,0
78,0
11,0
101,0
147,0
262,0
46,0
546,1
1512,1
104,0
85,0
119,0
423,0
315,0
78,0
9,0
44,0
75,0
157,0
109,0
66,0
7,0
529,0
349,0
101,0
127,0
83,0
333,1
408,0
205,0
158,0
18,0
276,0
264,0
109,0
234,0
115,0
272,0
329,0
155,0
589,0
363,0
951,1
172,0
53,0
34,0
82,0
155,0
788,0
528,0
296,0
114,0
314,0
249,0
562,1
112,0
204,0
168,0
60,0
734,1
80,0
60,0
281,0
321,0
149,0
155,0
87,0
49,0
354,0
294,0
137,0
191,0
172,0
55,0
167,0
85,0
92,0
16,0
444,0
132,0
10,0
324,0
315,0
64,0
110,0
421,0
79,0
174,0
257,0
228,0
296,0
9,0
337,0
476,1
185,0
104,0
244,0
152,0
573,0
231,0
184,0
124,0
21,0
233,0
96,0
99,0
117,0
53,0
261,0
201,0
155,0
43,0
53,0
363,0
14,0
56,0
108,0
459,1
425,0
200,0
223,0
413,0
747,1
177,0
66,0
716,1
253,0
14,0
316,0
152,0
137,0
155,0
154,0
165,0
466,0
1101,1
368,0
201,0
146,0
77,0
157,0
96,0
104,0
38,0
154,0
148,0
342,0
43,0
394,1
68,0
364,0
125,0
179,0
427,0
63,0
197,0
409,0
299,0
323,0
215,0
290,0
147,0
143,0
541,0
172,0
309,0
69,0
79,0
299,0
213,0
196,0
54,0
54,0
247,0
426,0
404,0
80,0
135,0
162,0
130,0
341,0
366,1
118,0
168,0
308,0
176,0
300,0
223,0
35,0
199,0
206,0
721,0
641,0
163,0
234,0
86,0
180,0
68,0
103,0
102,0
239,0
325,0
234,0
194,0
134,0
77,0
674,1
216,0
122,0
109,0
622,1
1966,0
131,0
140,0
281,0
156,0
161,0
44,0
240,0
172,0
127,0
248,0
115,0
38,0
201,0
341,0
298,0
314,1
52,0
77,0
390,0
804,0
417,0
361,0
809,1
156,0
44,0
166,0
58,0
76,0
312,0
298,0
466,0
829,1
291,0
484,0
204,0
169,0
437,0
937,1
37,0
193,0
230,0
204,0
163,0
159,0
1970,1
358,0
195,0
1302,1
96,0
154,0
246,0
122,0
276,0
151,0
297,0
119,0
172,0
74,0
187,0
141,0
124,0
186,0
1975,1
252,0
248,0
85,0
199,0
482,1
226,0
98,0
358,0
158,0
194,0
340,0
325,0
408,0
88,0
323,0
275,0
177,0
431,0
53,0
396,0
157,0
65,0
954,1
612,0
251,0
537,0
402,0
1298,1
1119,1
191,0
94,0
499,0
66,0
197,0
56,0
195,0
65,0
38,0
168,0
154,0
45,0
107,0
121,0
318,0
255,0
174,0
53,0
196,0
173,0
65,0
136,0
444,0
308,0
698,1
228,0
562,0
272,0
419,0
369,0
107,0
173,0
62,0
129,0
76,0
65,0
805,0
97,0
202,0
777,0
378,0
654,1
185,0
1805,0
367,0
12,0
139,0
222,0
122,0
649,1
168,0
237,0
135,0
102,0
65,0
281,0
80,0
36,0
143,0
259,0
221,0
177,0
84,0
406,0
185,0
155,0
190,0
53,0
99,0
254,0
531,1
256,0
217,0
25,0
253,0
277,0
125,0
151,0
127,0
449,0
97,0
16,0
388,0
134,0
265,0
32,0
285,0
383,0
179,0
51,0
446,0
136,0
420,0
133,0
513,0
225,0
204,0
240,0
135,0
245,0
119,0
1279,1
38,0
331,0
771,0
491,0
873,1
440,1
992,0
689,1
443,1
302,0
75,0
72,0
418,0
324,0
69,0
1130,1
429,1
96,0
310,0
149,0
182,0
1309,0
364,0
36,0
337,0
426,0
25,0
196,0
126,0
201,0
300,0
630,0
48,0
189,0
305,0
68,0
65,0
115,0
247,0
164,0
178,0
19,0
9,0
24,0
165,0
14,0
36,0
8,0
33,0
121,0
921,0
436,0
119,0
13,0
181,0
7,0
16,0
259,0
102,0
19,0
113,0
152,0
14,0
21,0
17,0
18,0
17,0
13,0
99,0
11,0
24,0
164,0
78,0
29,0
9,0
465,0
263,0
94,0
722,1
178,0
6,0
25,0
348,0
30,0
33,0
222,0
325,0
974,1
254,0
344,0
925,0
467,1
9,0
15,0
12,0
42,0
186,0
580,0
40,0
350,0
720,0
141,0
11,0
10,0
533,1
21,0
146,0
189,0
365,0
91,0
84,0
22,0
166,0
182,0
638,0
46,0
127,0
306,0
558,1
161,0
119,0
61,0
362,0
83,0
151,0
566,0
141,0
291,0
287,0
64,0
244,0
667,1
136,0
715,1
123,0
16,0
414,0
201,0
212,0
86,0
317,0
145,0
532,0
248,0
158,0
141,0
190,0
161,0
23,0
276,0
7,0
201,0
20,0
51,0
467,0
603,0
9,0
283,0
283,0
341,0
102,0
267,0
717,1
143,0
22,0
428,0
484,0
561,1
149,0
338,0
182,0
94,0
73,0
584,0
260,0
185,0
223,0
76,0
590,1
214,0
103,0
37,0
273,0
451,0
12,0
745,1
854,1
1166,0
105,0
8,0
7,0
159,0
646,1
210,0
17,0
297,0
365,0
162,0
255,0
377,0
165,0
133,0
345,1
263,0
125,0
411,0
67,0
279,0
456,1
112,0
680,1
152,0
21,0
1180,1
14,0
243,0
17,0
12,0
535,0
188,0
498,0
149,0
62,0
877,0
204,0
210,0
155,0
159,0
578,1
303,0
258,0
786,1
161,0
633,1
57,0
107,0
307,1
64,0
116,0
318,0
47,0
183,0
343,0
230,0
138,0
11,0
155,0
47,0
201,0
289,0
11,0
72,0
273,0
91,0
23,0
43,0
121,0
449,1
8,0
524,0
13,0
157,0
72,0
112,0
50,0
225,0
42,0
35,0
607,1
123,0
255,0
334,0
104,0
1075,1
235,0
64,0
137,0
874,1
200,0
433,0
215,0
287,0
391,0
93,0
16,0
523,0
225,0
24,0
298,0
200,0
93,0
234,0
797,0
419,0
87,0
83,0
30,0
135,0
97,0
128,0
586,0
492,1
208,0
240,0
703,0
1106,0
151,0
506,0
282,0
563,1
377,0
174,0
199,0
437,0
175,0
386,0
233,0
74,0
184,0
111,0
168,0
156,0
66,0
97,0
97,0
160,0
1020,1
149,0
202,0
112,0
154,0
337,0
1723,1
177,0
95,0
246,0
294,0
162,0
406,1
20,0
115,0
543,0
73,0
136,0
138,0
118,0
30,0
444,0
466,0
110,0
97,0
7,0
172,0
146,0
16,0
150,0
163,0
88,0
277,0
96,0
175,0
22,0
430,0
97,0
164,0
88,0
71,0
136,0
92,0
17,0
155,0
199,0
159,0
36,0
43,0
70,0
334,0
107,0
806,0
104,0
217,0
216,0
143,0
106,0
226,0
166,0
87,0
64,0
105,0
99,0
130,0
256,0
121,0
285,0
140,0
167,0
691,1
311,0
164,0
1129,1
109,0
444,0
265,0
175,0
191,1
292,0
239,0
59,0
471,0
182,0
933,1
396,0
432,0
224,1
616,1
50,0
111,0
685,0
134,0
423,0
65,0
551,0
165,0
668,1
42,0
177,0
99,0
108,0
291,0
170,0
117,0
161,0
330,0
480,0
24,0
172,0
143,0
158,0
88,0
157,0
111,0
553,0
25,0
433,0
632,0
115,0
228,0
142,0
172,0
246,0
329,0
479,1
46,0
95,0
67,0
888,1
185,0
1071,1
229,0
213,0
293,0
46,0
169,0
226,0
113,0
284,0
76,0
151,0
68,0
56,0
1060,1
196,0
332,0
1543,1
67,0
24,0
218,0
131,0
688,1
400,0
164,0
123,0
99,0
362,0
111,0
502,0
444,0
366,0
367,0
17,0
464,0
158,0
29,0
221,0
197,0
183,0
380,0
113,0
228,0
57,0
535,0
610,0
91,0
265,0
43,0
299,0
196,0
1462,0
162,0
304,0
487,0
251,0
261,0
8,0
171,0
112,0
374,0
60,0
102,0
176,0
241,0
566,1
303,0
649,0
959,1
134,0
353,0
72,0
337,0
93,0
291,0
546,0
252,0
532,1
204,0
152,0
267,0
406,0
1094,1
320,0
884,1
410,0
210,0
198,0
241,0
16,0
460,1
604,1
427,0
72,0
350,0
93,0
176,0
118,0
387,0
106,0
336,0
205,0
135,0
42,0
428,0
240,0
512,0
75,0
88,0
41,0
27,0
181,0
306,0
90,0
15,0
136,0
154,0
305,0
190,0
47,0
172,0
170,0
204,0
294,0
367,0
173,0
62,0
113,0
136,0
292,0
80,0
90,0
144,0
28,0
178,0
306,0
386,0
114,0
493,0
33,0
452,0
167,0
125,0
185,0
341,0
223,0
415,0
908,0
166,0
168,0
486,0
67,0
167,0
338,0
10,0
142,0
151,0
384,0
192,0
212,0
100,0
308,0
54,0
30,0
340,0
225,0
346,0
197,0
290,0
8,0
72,0
382,0
100,0
165,0
647,1
506,0
140,0
168,0
253,0
195,0
235,0
165,0
68,0
133,0
100,0
676,1
49,0
153,1
103,0
19,0
296,0
145,0
69,0
26,0
17,0
323,0
9,0
460,0
111,0
165,0
10,0
113,0
12,0
9,0
14,0
8,0
194,0
667,1
670,1
14,0
115,0
14,0
289,0
14,0
10,0
354,0
236,0
62,0
61,0
103,0
172,0
306,0
164,0
778,0
39,0
1181,0
124,0
162,0
45,0
16,0
347,0
233,0
133,0
136,0
655,1
196,0
452,0
56,0
33,0
35,0
227,0
197,0
78,0
191,0
85,0
642,0
173,0
73,0
551,1
607,0
409,1
67,0
11,0
382,1
7,0
239,0
54,0
144,0
123,0
270,0
160,0
208,0
311,1
300,0
259,0
760,1
21,0
128,0
146,0
71,0
169,0
302,0
198,0
302,0
6,0
64,0
49,0
242,0
124,0
20,0
1452,0
317,0
95,0
16,0
67,0
241,0
250,0
7,0
432,0
153,0
67,0
48,0
72,0
158,0
148,0
377,0
367,0
195,0
169,0
217,0
50,0
160,0
64,0
612,0
310,0
7,0
14,0
373,0
55,0
58,0
180,0
13,0
68,0
64,0
520,0
1190,1
119,0
665,0
132,0
391,0
26,0
493,0
41,0
899,1
157,0
104,0
282,0
8,0
101,0
133,0
39,0
34,0
23,0
12,0
217,0
77,0
8,0
11,0
8,0
24,0
48,0
233,0
82,0
326,1
283,0
159,0
58,0
181,0
301,0
151,0
146,0
250,0
148,0
106,0
44,0
901,1
358,0
1286,0
73,0
87,0
744,1
127,0
55,0
454,0
485,1
12,0
99,0
9,0
123,0
102,0
282,0
984,0
514,0
224,0
151,0
25,0
7,0
76,0
82,0
298,0
386,0
457,0
18,0
416,1
193,0
262,0
22,0
637,1
45,0
14,0
59,0
34,0
272,0
48,0
301,0
164,0
523,1
133,0
52,0
325,0
36,0
56,0
174,0
322,0
333,0
311,0
290,0
27,0
256,0
173,0
134,0
171,0
256,0
26,0
74,0
285,1
109,0
239,0
109,0
730,1
19,0
10,0
178,0
7,0
71,0
16,0
45,0
22,0
536,1
792,1
178,0
41,0
142,0
45,0
10,0
333,0
166,0
100,0
423,0
358,0
576,1
84,0
66,0
79,0
669,1
456,0
676,0
87,0
472,0
78,0
354,0
117,0
265,0
693,1
251,0
98,0
13,0
14,0
268,0
144,0
166,0
138,0
1015,1
192,0
663,1
210,0
119,0
133,0
18,0
8,0
261,0
81,0
65,0
437,1
102,0
217,0
63,0
562,1
74,0
189,0
212,0
500,0
172,0
20,0
327,0
16,0
894,0
152,0
116,0
133,0
585,1
95,0
56,0
564,0
188,0
48,0
79,0
342,0
6,0
170,0
119,0
80,0
659,1
532,1
15,0
265,0
54,0
837,1
67,0
77,0
358,0
303,0
47,0
228,0
832,1
169,0
394,0
31,0
1380,0
36,0
201,0
679,1
199,0
58,0
495,0
141,0
139,0
82,0
317,1
830,1
611,1
86,0
186,0
42,0
956,1
229,0
175,0
757,0
521,0
264,0
99,0
83,0
87,0
401,0
301,0
13,0
184,0
200,0
42,0
167,0
58,0
11,0
167,0
237,0
173,0
98,0
165,0
858,1
114,0
173,0
406,0
1012,1
13,0
73,0
160,0
372,0
206,0
137,0
611,1
13,0
219,0
320,0
223,0
57,0
739,0
109,0
264,0
221,0
61,0
124,0
885,1
1111,1
117,0
44,0
187,0
50,0
76,0
10,0
270,0
135,0
31,0
296,0
239,0
22,0
1357,1
212,0
150,0
582,0
709,1
199,0
102,0
140,0
15,0
61,0
20,0
152,0
245,0
406,1
23,0
297,0
197,0
63,0
103,0
11,0
427,0
80,0
232,0
255,0
8,0
284,0
550,0
536,0
193,0
124,0
12,0
134,0
10,0
17,0
895,0
212,0
43,0
364,0
14,0
122,0
134,0
21,0
144,0
16,0
13,0
781,0
128,0
67,0
266,0
411,0
391,0
195,0
74,0
232,0
340,0
350,0
309,0
12,0
136,0
259,0
223,0
215,0
156,0
233,0
59,0
104,0
49,0
167,0
113,0
1002,1
48,0
54,0
306,0
61,0
20,0
16,0
880,1
69,0
218,0
18,0
47,0
333,0
102,0
64,0
101,0
800,0
131,0
476,0
65,0
262,0
934,1
75,0
51,0
208,0
53,0
162,0
34,0
73,0
22,0
172,0
258,0
71,0
11,0
93,0
92,0
655,1
138,0
432,0
200,0
69,0
204,0
25,0
28,0
68,0
109,0
1223,0
136,0
101,0
126,0
137,0
155,0
509,0
143,0
641,0
415,1
104,0
211,0
131,0
22,0
15,0
1871,1
69,0
63,0
1068,1
315,0
58,0
22,0
1326,0
149,0
34,0
204,0
44,0
376,0
31,0
133,0
439,0
157,0
38,0
462,1
73,0
104,0
504,0
121,0
49,0
258,0
163,0
12,0
126,0
166,0
11,0
59,0
1313,1
623,1
157,0
1598,1
385,0
57,0
543,0
692,1
102,0
20,0
59,0
33,0
126,0
87,0
15,0
45,0
722,1
9,0
17,0
7,0
16,0
201,0
113,0
8,0
8,0
536,1
58,0
28,0
11,0
9,0
899,1
17,0
473,1
11,0
114,0
106,0
159,0
17,0
359,0
17,0
11,0
70,0
193,0
116,0
157,0
284,0
73,0
18,0
26,0
222,0
126,0
97,0
144,0
98,0
59,0
19,0
44,0
22,0
44,0
16,0
7,0
21,0
15,0
30,0
13,0
8,0
201,0
259,0
90,0
51,0
264,0
35,0
10,0
380,0
33,0
30,0
557,0
108,0
173,0
87,0
47,0
97,0
333,0
55,0
29,0
213,0
192,0
57,0
16,0
442,1
245,0
115,0
410,0
158,0
283,0
217,0
97,0
420,0
608,1
166,0
325,0
161,0
166,0
97,0
74,0
15,0
216,0
170,0
288,0
17,0
220,0
28,0
169,0
185,0
88,0
903,1
248,0
12,0
52,0
155,0
205,0
68,0
63,0
114,0
297,0
185,0
186,0
222,0
284,0
195,0
119,0
261,0
113,0
11,0
42,0
110,0
1340,1
455,0
119,0
110,0
170,0
245,0
268,0
108,0
487,1
182,0
309,1
165,0
18,0
250,0
154,0
2301,1
169,0
176,0
69,0
119,0
493,1
295,0
226,0
11,0
33,0
152,0
176,0
41,0
252,0
40,0
156,0
126,0
55,0
114,0
134,0
18,0
98,0
379,0
128,0
86,0
632,0
98,0
843,1
8,0
132,0
261,0
133,0
398,0
287,0
208,0
434,0
119,0
140,0
191,0
380,0
115,0
325,0
167,0
63,0
21,0
47,0
9,0
565,1
507,1
82,0
105,0
212,0
78,0
546,0
79,0
431,1
74,0
229,0
600,1
156,0
114,0
435,0
326,0
170,0
143,0
111,0
184,0
233,0
110,0
116,0
178,0
504,1
144,0
177,0
21,0
700,1
163,0
91,0
78,0
239,0
169,0
87,0
121,0
37,0
1008,1
113,0
24,0
213,0
380,0
153,0
192,0
66,0
57,0
525,1
123,0
276,0
317,0
105,0
178,0
612,1
316,0
103,0
73,0
230,0
442,1
618,1
504,0
182,0
336,0
248,0
504,0
82,0
182,0
78,0
61,0
222,0
1010,0
180,0
207,0
46,0
432,0
517,0
180,0
465,0
98,0
801,1
599,0
15,0
18,0
196,0
309,0
61,0
194,0
336,0
104,0
98,0
236,0
146,0
665,0
827,1
181,0
197,0
9,0
36,0
87,0
16,0
8,0
11,0
166,0
630,0
33,0
227,0
375,0
241,0
190,0
213,0
412,0
31,0
173,0
74,0
92,0
166,0
368,0
1027,1
221,0
113,0
577,0
567,0
12,0
428,0
767,1
142,0
68,0
61,0
695,0
239,0
1434,0
297,0
202,0
194,0
566,0
486,0
207,0
179,0
637,1
572,0
217,0
13,0
112,0
222,0
466,0
109,0
22,0
267,0
54,0
536,1
895,0
83,0
11,0
22,0
32,0
54,0
6,0
410,0
53,0
4,0
30,0
23,0
27,0
170,0
453,0
16,0
324,0
663,0
36,0
14,0
342,0
291,0
128,0
22,0
10,0
82,0
146,0
9,0
64,0
18,0
29,0
20,0
26,0
11,0
50,0
22,0
687,0
44,0
638,1
80,0
12,0
197,0
126,0
424,0
28,0
121,0
305,0
236,0
232,0
80,0
178,0
11,0
953,0
267,0
34,0
214,0
56,0
109,0
1173,1
45,0
226,0
171,0
102,0
150,0
1359,1
715,0
263,0
32,0
8,0
28,0
390,1
642,1
1880,0
639,1
317,1
135,0
114,0
324,1
176,1
582,1
394,0
169,0
199,1
354,1
121,0
796,1
190,0
78,0
271,1
150,0
119,0
230,0
94,0
122,0
89,0
563,0
86,0
120,0
680,0
235,0
491,1
74,0
158,0
431,1
168,0
152,0
210,0
81,0
239,0
100,0
259,0
44,0
320,0
807,0
190,0
136,0
271,1
251,0
316,1
554,1
181,0
264,0
81,0
83,0
566,0
223,1
80,0
182,1
198,1
293,1
50,0
137,0
169,0
253,0
231,1
105,0
157,0
449,1
43,0
249,0
685,1
288,1
23,0
46,0
97,0
65,0
644,0
86,0
304,0
186,0
582,0
365,0
354,0
112,0
101,0
174,0
128,0
283,1
421,1
119,1
70,0
91,0
109,0
64,0
104,0
397,1
327,0
106,0
90,0
296,1
179,0
69,0
112,0
265,0
54,0
344,0
867,1
70,0
269,1
195,0
92,0
613,0
915,1
485,0
337,1
185,0
487,1
200,0
157,0
612,1
160,0
64,0
111,0
288,1
305,0
77,0
144,0
159,0
74,0
115,0
1064,1
213,1
176,0
54,0
205,0
180,0
324,0
159,0
87,0
226,1
93,0
217,0
109,0
143,0
377,1
158,1
115,0
262,1
754,0
123,0
85,0
166,0
217,0
243,0
352,1
142,0
315,1
170,0
100,0
414,1
601,1
111,0
164,0
133,0
105,0
108,0
527,0
135,0
107,0
314,0
65,0
61,0
78,0
135,0
133,1
293,0
318,0
84,0
309,0
111,0
119,0
1078,1
159,0
640,1
109,0
482,1
217,0
71,0
91,1
260,0
333,0
228,0
256,0
302,0
131,0
154,0
500,0
172,0
574,0
137,0
244,0
134,0
376,0
911,0
240,0
122,0
167,0
351,0
165,1
326,1
58,0
56,0
145,0
208,1
94,0
68,0
171,0
103,0
3509,0
81,0
128,0
304,0
55,0
140,0
83,0
222,0
145,0
1346,1
118,0
85,0
251,0
69,0
245,0
135,0
88,0
125,0
228,1
131,1
390,1
132,0
187,0
139,0
109,0
161,0
445,1
100,0
223,0
141,0
149,0
579,1
136,0
323,0
197,0
222,0
58,0
407,0
252,0
80,0
112,0
87,0
427,1
176,0
226,1
396,1
192,1
103,0
260,0
139,1
108,0
91,0
41,0
89,0
82,0
132,0
147,0
362,0
212,0
118,0
264,0
94,0
258,0
137,0
189,0
245,0
253,1
752,0
185,1
129,0
175,0
480,0
532,0
229,1
163,0
71,0
161,0
82,0
121,0
439,1
193,1
242,1
188,0
282,0
130,0
483,0
116,1
108,0
81,0
128,0
283,0
155,1
138,0
119,0
93,0
159,0
133,0
776,1
140,0
136,0
145,0
224,0
95,0
281,1
90,0
123,0
297,0
76,0
119,1
200,1
114,0
113,0
62,0
1576,0
329,1
107,0
204,0
367,1
82,0
146,0
424,0
412,1
103,0
165,1
161,0
242,0
108,1
207,0
73,0
156,0
112,0
78,0
110,0
183,0
223,1
74,0
123,0
76,0
311,1
628,1
128,0
141,0
89,0
99,0
236,0
99,0
187,1
186,0
86,0
158,0
162,0
513,1
110,0
681,0
322,0
210,0
568,0
294,0
558,0
77,0
85,0
93,0
121,0
95,0
135,0
414,0
60,0
151,0
68,0
361,0
142,0
174,1
45,0
95,0
44,0
61,0
32,0
141,0
81,0
71,0
68,0
324,1
295,1
108,0
201,0
71,0
264,1
110,0
190,0
70,0
103,1
331,1
377,1
205,1
287,1
346,0
212,0
263,1
192,1
129,0
154,0
175,0
814,0
65,0
67,0
166,1
327,1
69,1
353,0
210,0
277,0
210,1
244,0
84,1
208,0
326,1
59,0
285,0
161,0
165,0
459,0
1460,1
1048,1
233,0
335,1
412,1
177,1
223,0
579,1
144,0
145,0
93,0
153,0
164,0
128,0
339,1
223,0
62,0
151,0
128,0
388,0
180,0
84,0
87,0
194,0
192,0
761,0
153,0
202,1
174,1
89,0
84,0
164,0
492,0
114,1
450,0
215,1
232,1
284,1
253,1
352,0
470,0
1144,1
336,0
195,0
373,0
78,0
89,0
134,0
181,0
55,0
187,0
113,0
314,1
206,0
288,0
93,0
327,0
163,1
111,0
149,0
96,0
466,1
106,0
101,0
257,1
479,1
437,1
198,0
143,0
395,1
145,1
154,0
107,1
663,1
350,1
126,0
145,0
282,1
118,0
115,0
368,0
62,0
96,0
294,1
177,0
64,0
690,1
297,0
384,1
596,1
654,1
144,0
88,0
50,0
99,0
418,0
169,1
59,0
195,1
103,1
430,1
167,0
74,0
253,0
225,0
417,1
135,0
160,1
172,0
162,0
136,0
270,1
92,0
271,0
200,1
309,0
100,0
271,1
189,0
61,0
163,0
74,0
82,1
108,0
91,0
310,0
712,1
74,1
128,0
80,0
392,0
392,0
369,0
217,0
194,0
495,0
116,0
318,1
73,0
135,0
359,1
116,0
211,0
245,1
142,0
444,0
251,1
673,0
119,1
134,1
74,0
728,1
263,1
154,0
696,0
159,0
118,0
1210,1
210,0
310,1
482,1
224,0
221,0
147,0
924,1
130,0
53,0
72,0
318,1
306,0
77,0
112,0
80,0
123,0
212,0
192,1
181,1
96,0
132,0
76,0
262,0
250,1
146,0
189,0
501,1
69,0
269,0
236,1
102,0
308,0
122,0
145,0
130,0
179,1
142,0
71,0
553,0
305,1
163,1
541,1
209,1
262,1
225,0
206,1
115,1
406,1
244,1
592,1
78,0
508,0
437,1
192,0
136,0
68,0
123,0
313,1
137,0
705,1
96,0
198,1
200,0
210,1
117,1
110,1
171,0
334,0
321,1
296,1
86,0
213,1
252,0
411,1
37,0
593,1
101,0
302,1
138,0
165,1
88,0
116,0
340,1
95,0
591,1
88,0
90,0
385,1
2219,0
240,0
174,1
467,0
107,0
238,1
95,0
170,1
342,0
113,0
252,0
170,0
74,0
65,0
151,0
273,0
539,1
157,0
1361,0
254,0
180,0
447,1
247,0
136,0
123,0
167,0
74,0
80,0
102,0
214,1
300,1
200,1
436,1
192,0
97,0
343,0
156,0
699,1
200,1
150,0
42,0
431,1
175,0
124,0
656,0
77,0
837,1
725,1
334,0
230,0
144,1
617,1
140,1
178,0
161,0
150,0
1076,1
213,0
266,0
247,1
78,0
114,0
203,0
34,0
595,0
63,0
295,0
187,1
218,0
510,1
125,0
153,0
277,0
328,1
262,1
280,1
207,1
94,0
106,0
176,0
79,0
449,1
111,0
224,1
151,0
400,1
80,0
217,1
160,1
144,0
352,1
787,1
323,1
78,0
160,1
221,0
239,1
156,1
194,1
105,0
390,0
96,1
136,1
81,1
269,1
327,1
296,1
147,1
121,1
89,1
77,0
217,0
137,1
112,0
218,0
207,0
1161,1
113,0
138,0
442,0
352,0
246,1
143,0
247,0
437,1
216,0
578,1
282,1
156,0
66,0
73,0
592,1
119,0
125,0
114,0
166,1
111,0
117,0
101,0
105,0
207,0
1094,0
174,1
133,0
397,1
264,0
324,1
155,0
169,0
275,1
199,1
255,1
232,1
462,1
136,0
146,0
255,1
247,0
109,0
227,0
398,0
302,1
149,1
191,1
317,0
1543,1
207,1
493,1
509,1
77,0
133,0
329,0
657,1
365,1
188,0
215,0
145,0
159,1
99,0
276,1
213,0
604,0
153,0
522,1
76,0
227,0
471,0
92,0
329,0
207,1
263,0
57,0
577,1
271,0
455,0
103,1
333,0
366,1
201,1
166,1
89,0
58,0
548,1
95,0
96,0
438,1
138,0
614,0
303,0
110,0
304,1
146,1
126,1
244,1
157,1
151,0
800,0
200,0
113,0
143,0
130,0
58,0
97,0
86,0
98,0
257,1
152,0
252,0
148,1
107,1
197,0
127,0
138,1
458,1
301,1
110,0
84,0
243,1
200,1
131,1
98,0
431,0
106,0
234,1
100,0
337,0
835,0
67,0
239,1
160,1
993,1
217,0
529,1
183,1
103,0
221,1
105,0
127,0
137,0
258,1
239,1
230,0
186,1
382,0
175,0
126,1
163,1
95,1
336,0
136,0
177,0
110,0
139,0
39,0
94,0
263,0
294,0
54,0
579,1
491,1
532,1
143,0
84,0
268,0
441,1
439,0
151,1
292,0
92,0
95,1
114,0
147,0
181,0
139,0
351,1
372,1
135,0
288,1
92,0
177,1
41,0
415,1
74,0
382,1
157,0
24,0
257,1
104,0
64,0
112,1
181,1
88,0
284,1
651,1
220,1
188,1
170,0
155,1
74,0
95,0
333,0
322,1
94,0
60,0
175,0
108,0
60,0
108,0
89,1
75,0
29,0
83,0
79,0
173,1
77,0
318,0
205,0
129,1
298,0
136,1
263,1
161,0
245,1
214,0
202,0
399,0
355,1
281,0
250,0
66,0
102,0
64,0
459,0
119,0
229,0
30,0
79,0
114,1
276,0
404,0
162,1
569,0
55,0
551,1
65,0
49,0
181,0
54,0
243,1
208,0
151,0
94,0
84,0
393,1
390,0
813,1
88,0
754,0
1603,1
133,0
259,1
280,1
112,0
63,0
293,1
474,1
241,0
140,0
177,0
295,1
457,0
177,0
100,0
136,0
111,0
271,0
67,0
883,1
115,0
269,1
570,0
238,0
524,0
187,0
68,0
60,0
208,0
459,1
295,0
124,0
248,0
191,0
205,0
255,1
971,0
201,0
227,1
140,0
128,0
224,0
122,0
108,0
103,0
42,0
185,1
166,0
160,0
205,1
224,1
140,1
1057,0
291,0
92,0
260,1
372,1
261,1
342,1
97,0
248,0
74,0
252,1
252,1
356,1
363,1
218,1
367,1
82,0
146,0
566,1
309,1
396,1
109,0
226,0
154,0
129,0
317,0
229,0
98,0
148,0
160,0
590,0
940,1
153,0
86,0
478,1
276,1
567,1
503,1
135,1
176,1
247,1
353,1
203,1
446,1
122,0
175,1
1007,1
64,0
409,1
147,0
603,0
438,1
897,0
531,0
704,1
473,0
320,0
67,0
67,0
318,0
59,0
236,0
308,1
413,0
96,0
202,1
116,0
207,0
270,1
227,1
316,1
964,1
429,1
826,0
422,0
94,0
106,0
371,1
98,0
297,1
185,0
407,1
82,0
112,0
611,0
445,0
682,1
180,1
282,0
58,0
98,0
370,1
148,0
404,0
321,0
432,0
876,1
170,0
257,1
207,0
243,1
112,0
167,1
361,1
123,0
268,1
896,1
665,0
87,0
194,0
115,0
181,0
188,0
625,0
106,0
74,0
349,1
167,0
243,0
396,0
90,0
576,1
281,0
72,0
122,0
72,0
537,0
430,0
210,1
286,0
475,0
153,1
182,0
97,1
64,0
253,1
359,0
315,0
104,1
123,0
336,1
326,0
219,0
226,0
166,0
58,0
125,1
91,0
258,0
305,0
465,0
1084,1
106,0
64,0
139,1
116,0
506,0
195,0
82,0
105,0
332,1
132,0
73,0
822,1
51,0
148,0
72,0
67,0
99,1
486,1
109,0
258,0
573,1
186,0
383,0
292,0
141,0
151,0
205,0
92,0
313,0
576,1
219,1
320,0
138,0
642,1
185,1
600,1
505,1
248,0
204,0
138,0
220,0
249,1
259,0
158,0
270,0
370,0
251,0
79,0
432,0
305,1
1019,1
211,1
397,0
414,1
290,1
277,1
206,0
299,0
40,0
106,0
254,1
177,0
253,1
179,1
394,1
526,0
156,0
416,0
231,1
385,1
813,0
157,1
131,0
175,1
99,0
331,0
89,0
155,1
320,0
975,1
49,0
280,0
126,0
107,0
90,0
121,0
148,0
161,0
87,0
305,0
111,0
427,1
146,0
144,0
86,0
190,0
100,0
355,1
472,0
131,1
174,0
1452,1
142,0
135,0
250,1
789,0
310,1
338,1
116,0
130,0
250,0
471,0
256,1
254,1
550,1
345,1
169,0
358,1
107,0
116,0
115,0
79,0
79,1
140,0
107,0
131,0
289,1
714,1
255,1
78,0
258,0
87,1
258,0
273,1
88,0
530,1
292,0
456,1
142,1
325,1
1088,1
173,0
325,0
453,1
295,1
239,0
121,0
305,0
136,0
100,0
83,0
70,0
99,0
262,1
119,0
121,0
140,0
215,1
268,1
221,1
378,0
140,0
384,0
390,0
88,0
135,0
192,1
130,1
233,1
121,0
353,1
182,1
103,0
231,1
122,0
111,0
255,0
419,0
1225,0
54,0
328,1
268,0
923,1
88,0
131,0
167,1
133,0
559,1
146,1
187,1
161,1
489,0
120,0
158,0
246,0
252,1
156,0
1529,0
235,1
155,0
155,1
289,1
153,0
352,0
411,0
107,0
89,0
85,0
151,0
96,0
540,0
263,0
247,0
162,0
121,0
179,1
71,0
157,0
213,1
373,0
1416,1
425,0
48,0
329,0
90,0
265,0
151,0
181,0
138,0
265,1
157,0
89,0
387,0
249,0
123,0
156,0
155,0
115,0
704,1
136,1
176,1
88,0
85,0
110,0
1398,0
651,1
167,1
408,1
982,0
140,1
168,0
287,0
75,0
139,1
93,0
225,0
203,0
280,0
159,0
66,0
149,1
349,1
371,0
125,1
221,1
201,0
97,0
91,0
175,1
526,0
89,1
206,1
477,0
400,0
198,0
203,1
267,1
120,0
589,1
162,0
163,0
373,0
464,1
113,0
71,0
172,0
162,0
266,0
68,0
345,0
1117,0
159,0
701,0
429,1
623,1
340,0
137,1
174,0
74,0
121,0
127,0
182,1
668,1
449,1
90,0
582,1
169,0
115,0
249,0
1336,1
150,0
239,1
90,0
251,0
641,1
576,1
699,0
73,1
147,1
398,1
100,0
119,0
313,1
90,0
307,1
236,0
131,1
267,1
93,0
417,1
87,0
77,0
82,0
810,1
161,0
150,0
305,0
202,0
332,1
153,0
113,0
338,1
96,0
71,0
301,0
123,0
192,0
363,0
96,0
188,0
124,0
174,0
44,0
222,0
246,0
96,0
120,0
243,0
543,0
227,0
162,0
289,1
298,0
331,0
111,0
489,1
255,0
73,0
101,0
784,1
222,1
425,1
181,0
254,1
1175,0
414,1
102,0
200,0
148,1
220,0
402,0
315,1
105,0
368,0
150,0
485,0
282,1
307,0
399,1
164,0
791,0
1152,0
138,0
138,0
328,0
72,0
136,0
192,1
78,0
347,0
464,1
189,0
160,0
293,1
233,0
105,0
227,1
100,0
57,0
129,0
74,0
103,0
213,0
284,0
219,0
477,1
73,0
204,1
726,0
75,0
344,0
135,0
112,0
99,0
185,0
371,0
143,0
99,0
146,0
284,0
738,1
75,0
320,1
135,0
92,0
53,0
240,0
479,1
154,0
236,0
238,0
158,0
275,0
319,0
354,1
126,0
275,1
182,0
150,1
233,0
176,0
156,1
172,1
185,0
126,0
180,0
98,0
117,0
225,1
209,1
319,0
257,0
230,0
436,1
415,0
260,0
92,0
326,1
253,0
78,0
260,0
190,0
107,0
186,1
137,1
105,0
125,1
553,0
94,1
276,1
182,1
100,1
482,0
201,1
88,0
391,1
190,1
498,1
880,1
153,0
260,1
148,0
142,0
99,0
70,0
140,0
211,1
224,0
159,0
313,0
297,0
110,0
405,1
80,0
138,0
308,1
43,0
116,0
75,0
152,0
348,1
186,1
199,1
133,0
551,0
123,0
80,0
286,1
163,1
156,0
97,0
220,1
473,0
122,0
237,0
109,0
115,0
123,0
123,0
366,0
343,1
123,0
711,1
207,1
628,0
341,1
130,0
241,0
192,0
340,1
148,0
606,1
300,0
156,1
109,0
162,1
33,0
460,1
278,1
212,0
243,0
249,1
177,0
205,1
543,0
147,0
113,0
215,1
161,1
90,0
96,0
108,0
210,0
101,0
360,0
66,0
148,1
117,0
363,0
216,1
587,1
193,1
370,1
395,1
532,1
301,1
307,0
197,0
280,0
441,1
396,0
431,0
220,0
536,1
206,0
578,0
250,0
207,0
65,0
238,1
768,1
225,1
89,0
98,0
240,1
173,1
164,1
170,0
232,1
67,0
76,0
145,1
328,0
195,1
484,0
321,0
196,0
65,0
80,0
82,0
338,1
262,0
329,1
84,0
267,1
474,1
377,1
97,0
151,1
928,0
68,0
149,1
83,0
188,0
217,1
69,0
131,0
147,0
158,1
157,0
99,0
184,1
201,0
64,0
63,1
78,1
75,0
320,1
228,1
139,0
89,0
102,0
146,0
406,0
61,0
374,1
168,1
69,0
92,0
96,0
64,0
273,1
104,0
204,1
90,0
200,0
53,0
44,0
298,0
276,1
531,1
91,1
72,0
116,1
126,1
252,1
159,1
171,0
343,1
419,0
252,1
744,1
438,1
73,0
62,0
323,0
227,0
467,1
232,1
712,1
315,0
420,0
100,0
401,0
55,0
349,0
143,0
79,0
497,0
109,0
103,0
142,1
50,0
188,0
79,0
158,0
511,1
192,1
585,0
133,0
83,0
41,0
173,0
279,0
47,0
275,0
130,1
76,0
479,1
95,1
186,0
531,1
360,0
242,1
159,0
555,1
291,1
161,0
89,0
415,1
78,0
128,1
240,0
187,0
210,1
75,0
323,1
76,0
103,0
359,0
146,0
700,1
64,0
148,0
1112,0
259,1
154,0
212,1
445,1
460,1
148,0
398,1
81,1
294,0
118,0
119,0
109,0
207,0
67,0
268,0
630,0
50,0
248,0
121,0
90,0
81,0
65,0
359,0
207,1
255,0
133,0
622,1
173,1
517,1
283,0
94,0
36,0
247,0
155,1
207,1
368,0
98,1
72,0
69,0
102,0
115,0
245,0
54,0
160,1
473,1
62,0
114,0
83,0
186,1
121,0
81,0
267,1
106,0
470,1
98,0
271,1
139,0
79,0
89,0
197,0
81,0
69,0
97,0
265,1
157,0
28,0
513,0
91,0
99,0
137,0
115,0
490,0
76,0
368,0
86,0
77,0
212,1
82,1
181,1
531,1
106,0
55,0
207,0
140,1
233,1
61,0
172,0
121,1
95,0
385,1
114,0
420,0
471,1
60,0
225,0
444,1
144,0
104,0
365,1
331,1
259,0
268,0
224,1
531,0
167,0
81,0
733,1
72,0
2055,0
56,0
73,0
104,0
328,1
166,0
520,1
730,1
351,0
181,0
384,0
369,0
204,0
101,0
205,0
128,0
113,0
879,1
293,1
230,1
563,1
123,0
555,1
313,0
156,0
434,1
171,0
154,0
93,0
639,0
112,0
172,0
589,0
569,1
281,1
350,1
295,1
219,1
182,0
221,0
669,0
133,0
99,0
289,0
92,0
89,0
97,0
211,1
394,0
587,1
147,0
510,0
351,1
274,0
800,1
98,0
57,0
199,1
201,0
145,1
293,1
495,1
206,1
679,1
221,0
261,1
169,1
445,1
167,0
260,1
191,1
137,1
76,0
108,1
401,0
191,0
421,0
376,1
121,0
475,1
71,0
394,1
180,0
569,1
95,0
234,1
408,1
837,0
105,0
345,1
397,1
344,1
372,0
595,0
307,0
511,0
277,0
223,0
259,1
169,1
105,0
84,1
185,1
107,0
276,0
230,1
90,0
346,1
324,0
122,0
96,0
260,1
283,1
129,0
339,0
355,0
212,1
336,0
91,1
158,0
91,1
113,0
210,1
100,1
240,0
658,1
290,1
155,0
323,1
103,0
75,0
85,0
394,0
161,0
170,1
722,1
150,1
458,1
133,0
1962,1
107,1
173,1
89,1
875,1
208,0
126,1
91,1
106,1
103,0
925,1
39,0
109,0
188,0
111,0
153,1
106,0
152,1
169,0
177,0
994,0
292,1
387,1
99,0
657,0
246,0
92,0
134,0
613,0
192,0
543,1
267,1
323,1
1104,1
1551,0
773,1
65,1
83,1
159,0
173,1
239,1
369,1
1353,0
299,1
62,0
63,0
794,0
105,0
49,0
168,0
491,0
144,0
105,0
692,1
81,0
399,0
139,0
114,0
64,0
85,0
74,0
79,0
210,1
500,0
294,1
80,0
115,0
159,1
79,0
75,0
213,0
161,0
277,1
134,0
117,1
195,0
585,0
234,1
78,0
314,0
305,1
447,1
86,0
760,0
194,1
302,0
66,0
199,0
120,0
56,0
237,0
168,0
321,0
177,0
258,0
250,0
99,0
67,0
81,0
238,1
82,0
137,1
152,0
214,0
502,1
849,1
462,0
91,0
160,0
131,0
215,1
117,0
88,0
89,0
205,0
408,0
144,1
63,0
526,0
96,0
384,1
125,0
304,0
572,0
172,0
480,1
296,1
133,0
323,0
953,0
209,1
371,1
130,0
157,0
201,1
867,0
90,0
290,1
81,1
294,1
301,0
73,0
180,0
88,0
73,0
525,0
223,0
335,1
1386,0
173,0
113,0
189,0
148,0
259,0
78,0
97,0
234,1
667,1
137,1
676,0
1106,1
181,0
268,0
105,1
134,0
511,1
138,1
120,0
78,1
92,0
146,1
99,0
348,1
837,0
135,0
435,1
306,0
61,0
78,0
98,0
167,0
120,0
92,0
411,1
79,1
1226,1
242,1
845,0
227,0
49,0
182,0
213,0
285,0
200,0
169,0
221,1
210,1
75,0
404,0
1573,0
896,1
301,1
204,1
1003,1
115,0
82,0
123,0
120,0
216,1
84,1
958,1
146,0
237,0
113,0
251,1
364,1
104,0
727,0
79,0
108,0
68,0
122,0
290,1
166,0
632,0
130,0
441,1
262,0
86,0
73,0
280,0
138,0
172,0
634,0
522,0
76,0
244,0
68,0
244,1
231,0
96,0
126,0
134,1
246,0
128,1
166,1
227,0
570,1
138,0
115,1
186,1
847,1
181,0
154,1
55,0
1580,0
170,1
154,1
109,0
131,0
141,0
95,0
132,0
233,1
128,0
193,0
306,1
169,0
104,0
141,0
165,0
434,1
317,0
447,1
130,1
156,1
324,1
717,1
87,0
283,0
147,0
136,1
342,1
143,0
131,1
131,0
94,0
238,0
98,1
599,0
1020,0
123,0
113,0
534,0
82,0
116,0
120,0
217,0
54,0
169,0
109,0
167,0
385,1
323,0
79,0
104,0
233,0
208,0
187,0
270,0
123,0
1745,0
328,1
626,0
2187,0
59,0
164,0
92,0
332,1
148,1
107,0
513,1
373,1
213,1
595,1
76,0
518,1
251,0
427,1
676,1
386,1
192,1
828,1
576,1
72,0
110,0
180,0
825,1
129,0
1206,0
467,1
512,1
749,1
135,1
164,0
307,1
287,1
107,1
200,1
442,1
197,0
196,0
249,1
360,1
257,1
313,1
127,1
181,1
133,1
287,0
334,0
391,0
504,1
1002,1
306,1
260,1
97,1
102,0
344,1
114,0
336,1
270,1
130,1
374,1
149,1
267,0
460,1
94,0
476,1
427,1
622,0
272,1
438,1
221,1
133,0
91,0
76,0
292,1
281,1
93,0
131,0
257,1
56,0
61,0
183,0
87,0
633,0
127,0
110,0
151,0
99,0
87,0
251,1
67,0
703,1
126,0
355,1
298,0
156,0
131,1
96,0
157,0
143,1
120,0
207,1
96,1
297,1
102,1
79,0
424,1
137,1
759,1
83,1
515,0
89,0
88,0
521,0
376,0
219,0
298,1
259,0
327,0
253,0
139,0
255,1
418,1
65,0
189,0
114,0
83,0
353,1
113,1
149,1
113,0
246,0
219,0
108,0
96,1
143,0
149,0
300,0
73,0
1118,0
210,0
1092,0
509,1
190,0
371,1
182,0
197,0
133,0
172,0
185,0
85,0
524,1
207,1
164,1
423,1
408,0
343,0
269,0
76,0
139,1
410,1
169,1
247,0
164,1
142,1
209,1
76,0
1707,1
72,0
189,1
251,1
401,1
103,0
679,0
299,1
264,1
262,0
106,1
215,1
288,1
140,0
68,0
124,1
136,1
220,1
746,1
377,1
250,0
424,1
174,0
185,0
133,0
157,0
631,0
70,0
212,1
176,0
373,1
62,0
160,0
155,0
59,0
125,1
217,1
144,1
480,1
183,0
445,1
294,1
257,1
368,1
152,0
416,1
177,0
105,0
131,0
121,1
101,0
131,0
69,0
91,0
75,0
59,0
53,0
66,0
106,1
235,0
154,0
1024,1
173,0
128,0
459,0
272,0
204,0
182,1
144,0
143,0
227,0
109,0
180,0
117,0
162,1
725,0
83,0
85,0
179,0
209,1
46,0
102,1
551,0
786,0
68,0
88,0
289,1
1233,1
187,1
149,1
566,1
222,0
537,1
217,1
193,0
181,1
215,1
358,1
179,1
322,1
402,0
284,1
383,1
258,0
90,0
116,0
298,0
70,0
138,0
101,0
85,0
158,0
358,1
199,0
112,0
156,0
272,0
572,0
88,0
257,0
96,0
143,0
749,1
111,0
509,0
355,1
464,1
136,0
402,1
312,0
126,0
455,1
368,1
178,1
178,1
262,1
347,1
118,1
169,1
165,1
98,1
201,1
113,1
161,1
696,1
371,0
263,1
235,0
257,0
347,1
178,0
182,1
775,1
193,1
406,1
336,1
147,1
195,1
234,1
564,0
71,0
318,1
64,1
95,1
89,1
345,0
344,1
266,1
301,1
254,1
293,1
185,0
594,1
280,0
213,1
131,1
143,0
208,0
133,0
98,0
516,0
93,0
459,1
158,0
133,0
106,0
406,1
166,1
79,0
69,1
199,1
359,0
98,0
131,1
229,1
187,0
166,1
244,1
54,0
135,0
158,1
172,1
241,1
248,0
513,1
71,1
90,1
227,1
116,0
66,0
123,1
39,0
96,0
253,1
226,1
177,0
241,1
702,0
427,0
110,1
88,1
134,1
126,1
99,1
104,1
226,1
89,1
169,1
135,1
463,0
150,0
134,1
247,1
771,0
443,0
124,0
191,0
1127,1
189,0
893,1
192,1
366,0
707,1
627,1
237,0
411,1
176,1
350,0
338,1
202,0
181,1
208,1
122,1
2184,1
135,1
212,1
186,1
498,1
180,0
226,1
122,0
137,0
122,0
210,1
201,0
495,1
632,0
259,1
264,0
239,1
381,1
193,1
53,0
271,1
129,1
332,0
227,1
182,1
256,1
139,0
132,0
141,0
61,0
95,0
130,1
295,1
301,1
1011,0
124,0
146,1
167,1
183,1
135,0
176,0
124,0
163,0
84,0
843,0
365,0
62,0
107,0
235,1
432,1
244,0
136,0
137,0
175,0
104,0
250,1
986,0
57,0
643,0
175,1
79,0
93,0
94,0
380,1
381,1
446,0
104,0
69,0
77,0
257,1
116,0
445,1
75,0
111,0
105,1
984,1
202,0
1248,1
85,1
709,1
168,0
320,0
209,1
140,0
408,0
134,1
747,1
409,1
135,1
393,1
255,1
309,1
525,1
108,0
242,1
107,0
56,0
190,0
492,0
187,0
141,0
166,0
112,0
283,0
325,1
968,1
92,0
285,1
295,0
242,0
84,0
106,0
1092,0
421,0
134,0
87,0
372,1
103,0
250,0
99,0
182,1
234,1
487,1
232,1
208,1
170,0
87,0
414,1
296,1
237,0
342,1
238,1
541,1
142,0
92,0
319,1
96,0
90,0
341,0
160,1
65,0
110,0
1628,1
337,0
210,0
152,0
151,0
123,0
152,0
107,0
113,0
357,1
310,1
258,0
346,1
415,1
187,0
244,1
284,1
154,1
155,1
96,0
1804,0
472,1
421,0
237,0
110,0
274,1
705,1
439,1
127,0
377,0
78,0
55,0
696,1
1139,0
254,0
720,0
85,0
69,0
229,1
334,0
480,1
344,1
371,0
164,0
415,1
358,0
91,0
583,1
67,0
347,0
620,1
329,1
245,0
1002,0
288,1
179,1
390,0
137,0
124,0
343,1
854,1
479,1
343,1
595,1
395,1
456,1
87,0
135,0
220,0
207,1
149,1
336,1
429,1
112,0
798,1
805,1
182,0
422,1
208,0
232,1
501,0
582,1
141,1
166,1
263,0
388,0
352,0
269,0
122,0
88,0
446,0
510,1
321,1
351,1
150,0
476,1
324,1
280,1
72,0
314,1
325,0
205,0
354,1
546,1
155,0
97,0
103,0
141,0
412,1
330,1
110,0
726,1
324,1
184,0
170,1
454,0
379,1
406,1
248,0
127,0
415,1
52,0
104,0
116,0
796,0
2062,1
77,0
264,1
94,0
367,1
267,1
321,1
396,0
256,1
410,1
305,1
158,0
282,1
102,0
391,1
422,1
520,0
213,1
500,1
956,0
105,0
150,1
62,0
273,0
679,1
1141,1
83,0
193,0
433,0
206,1
315,1
387,1
824,1
256,0
1472,0
137,0
205,1
473,1
893,1
195,0
207,0
284,1
689,1
296,1
1370,1
449,1
196,1
215,0
109,0
554,0
63,1
241,1
158,0
110,0
112,0
646,0
229,1
10,0
904,1
591,1
229,1
525,1
107,0
658,1
368,1
147,0
18,0
105,0
207,1
328,0
177,1
539,1
133,0
313,1
292,1
228,1
187,1
263,1
235,1
363,1
141,1
557,1
145,1
355,1
19,0
153,1
136,1
114,0
700,0
834,1
221,1
194,0
180,1
177,1
364,0
251,1
148,1
2486,1
431,0
117,0
220,0
456,1
141,0
262,0
562,1
252,0
158,0
115,1
418,1
341,1
87,1
373,1
116,0
154,0
172,0
257,1
607,1
219,1
84,0
809,1
319,1
292,1
498,1
376,1
264,1
284,0
185,0
150,0
111,0
154,0
659,1
132,1
277,1
157,0
104,1
172,1
124,1
265,1
409,1
301,1
139,0
139,1
225,1
185,1
469,1
176,1
568,1
241,1
301,1
236,1
212,1
305,1
288,1
700,1
273,1
265,0
295,1
450,1
207,1
436,1
239,1
138,0
217,0
152,0
625,0
106,1
257,1
78,0
129,0
93,0
184,0
335,1
257,1
228,0
282,0
117,0
275,0
171,1
169,0
102,0
121,0
290,1
422,1
119,0
215,1
212,1
229,1
213,1
104,1
144,0
209,0
261,0
106,0
257,1
192,1
151,0
247,0
109,0
427,1
549,0
435,0
506,1
287,0
161,1
105,0
577,1
341,0
300,1
195,0
361,1
129,0
189,0
180,1
261,1
279,1
459,1
294,0
263,1
295,1
244,0
384,0
231,1
618,0
272,0
881,1
128,1
184,0
395,0
181,0
133,0
272,1
362,1
93,0
359,0
370,0
237,1
125,0
394,0
420,1
265,1
910,1
467,1
165,0
245,0
593,1
293,1
254,1
247,1
977,1
173,1
215,1
248,1
344,0
516,0
222,1
174,1
96,0
174,0
153,0
291,1
255,1
158,0
136,1
273,1
128,1
191,1
101,1
292,1
156,1
247,0
187,1
196,0
189,0
231,0
272,1
201,1
98,0
94,0
288,1
128,0
169,0
360,1
454,0
281,1
81,0
156,0
139,0
157,0
201,0
698,0
92,1
198,0
88,0
164,0
135,0
231,0
341,1
515,0
317,0
150,0
113,0
433,1
361,0
186,0
277,1
236,1
359,1
110,1
57,0
371,0
238,1
236,1
262,1
577,1
170,1
193,1
175,1
382,0
210,1
30,0
149,1
158,0
280,1
390,1
558,1
176,0
216,1
263,0
220,0
358,1
111,1
179,1
127,0
189,1
317,1
196,1
122,0
139,1
1307,1
208,0
222,1
237,0
126,0
198,0
335,1
618,1
559,1
758,1
236,0
481,1
158,1
161,0
337,0
169,0
284,0
366,0
158,0
339,0
333,1
119,0
271,0
143,0
147,0
119,0
1397,1
143,0
176,1
176,1
113,0
295,1
232,1
218,1
240,1
278,1
398,1
173,1
220,0
185,1
200,1
200,1
141,1
330,1
214,1
191,0
98,0
699,0
218,1
177,0
961,1
330,1
148,0
634,1
125,1
131,0
237,0
232,0
220,0
529,1
142,1
184,0
1143,1
175,1
167,1
166,0
162,1
462,1
268,0
379,1
930,0
381,0
476,1
595,1
354,0
403,1
623,1
654,1
224,1
229,1
494,1
234,0
407,1
165,1
247,0
292,0
554,1
109,0
263,1
342,1
164,0
296,1
291,1
888,1
207,0
215,0
92,0
378,0
194,1
182,1
116,0
688,1
128,0
192,1
102,0
1472,1
166,0
234,0
328,1
125,0
117,0
135,0
135,0
147,0
325,1
345,0
252,0
605,0
426,1
321,1
81,0
473,1
370,1
159,1
99,0
184,1
403,1
545,1
623,1
387,1
717,1
157,0
226,1
882,1
165,0
210,1
91,0
277,1
115,0
388,1
1241,1
835,0
395,1
305,1
449,1
211,0
315,1
242,0
342,0
262,1
572,0
97,0
148,0
183,1
551,1
180,0
106,0
552,1
131,0
85,0
113,0
165,0
268,1
421,1
489,1
104,0
126,0
164,1
556,1
153,1
209,1
203,0
104,0
1267,1
188,1
100,0
389,1
329,0
173,0
258,1
338,1
110,0
720,0
232,1
174,0
54,0
510,1
121,0
16,0
443,1
109,0
246,1
192,1
250,1
195,1
613,1
227,0
220,0
183,0
211,1
111,0
243,1
218,0
292,1
662,1
300,1
201,0
226,1
110,0
113,0
116,0
211,1
165,0
135,0
171,1
269,0
128,0
583,1
522,0
483,1
113,0
97,0
172,0
801,0
193,1
309,1
176,1
152,1
171,1
333,0
228,1
317,1
236,1
208,0
248,1
144,0
762,1
360,1
372,1
177,0
267,0
18,0
414,1
271,0
289,1
400,1
306,1
263,1
216,1
328,1
331,1
356,1
234,1
457,0
336,1
567,1
404,1
698,0
532,1
7,0
389,0
338,0
220,1
700,1
1205,1
407,1
318,0
62,0
787,1
396,1
466,1
556,1
492,0
740,1
312,0
564,0
272,1
157,0
444,1
508,1
387,1
336,1
353,1
30,0
661,1
472,1
237,0
420,1
254,0
165,0
154,1
291,1
342,1
339,0
321,0
351,1
226,1
214,1
429,0
403,1
588,1
145,0
407,1
122,0
374,1
1027,1
375,1
382,1
131,0
341,0
260,0
699,1
168,1
146,1
530,1
202,1
641,1
196,1
393,1
272,1
410,1
289,1
405,1
671,1
175,1
267,0
135,1
530,1
283,1
93,1
181,1
188,0
820,1
1178,1
489,1
57,0
137,0
460,1
24,0
74,0
196,0
275,1
417,1
173,1
214,1
43,0
101,0
35,0
473,1
581,0
309,0
538,1
466,1
29,0
589,0
663,1
114,0
85,0
113,0
664,0
540,1
158,0
775,1
178,0
392,1
140,0
8,0
113,0
119,0
209,0
201,1
1563,0
318,1
516,1
326,1
154,1
383,0
165,0
12,0
347,1
421,0
8,0
8,0
296,1
303,1
434,1
52,0
5,0
36,0
7,0
407,1
657,1
226,1
147,0
238,1
161,0
310,1
35,0
32,0
148,0
346,0
106,0
6,0
13,0
302,1
54,0
29,0
149,0
187,1
380,1
544,0
30,0
198,0
49,0
29,0
190,1
200,1
150,1
206,1
712,1
118,0
294,0
874,1
479,1
722,0
192,1
46,0
138,0
135,0
602,1
141,0
278,1
422,1
434,1
187,1
245,1
661,1
270,1
168,0
212,1
458,1
713,1
614,1
516,0
293,1
563,1
215,0
30,0
20,0
472,0
262,0
167,1
485,1
237,0
619,1
379,1
910,1
700,1
238,0
243,1
250,0
126,0
270,0
208,1
292,1
58,0
15,0
605,1
288,1
339,1
101,0
383,1
247,0
1720,1
21,0
344,0
530,0
169,1
282,1
176,1
544,1
301,1
91,0
80,0
252,1
201,0
23,0
215,1
100,0
130,0
136,0
154,0
292,0
867,1
522,1
856,1
79,0
193,0
883,0
706,1
342,1
66,0
1407,1
339,1
181,0
671,1
133,0
112,0
442,0
355,0
1207,1
369,0
316,0
310,1
185,0
134,0
167,0
122,0
124,0
288,0
220,0
180,0
15,0
11,0
22,0
52,0
9,0
213,1
300,1
276,1
131,0
171,0
427,0
195,0
12,0
472,1
249,0
359,0
266,1
348,0
54,0
614,1
297,1
281,1
132,0
345,1
325,1
452,1
247,1
197,0
363,1
198,1
563,1
150,0
181,0
383,0
133,0
737,1
265,1
279,0
401,1
135,0
352,1
295,1
383,1
222,1
238,0
586,1
189,0
385,0
660,1
271,1
189,0
421,1
264,0
12,0
286,0
167,1
13,0
8,0
598,1
665,1
255,0
428,0
263,1
121,0
274,1
337,1
6,0
955,1
286,1
108,0
275,1
319,1
119,0
241,0
301,1
114,0
494,0
165,0
12,0
28,0
395,1
609,1
113,0
561,1
12,0
10,0
25,0
423,1
96,0
217,1
844,0
687,1
391,1
179,1
667,1
129,0
194,1
9,0
101,0
251,1
29,0
17,0
128,1
175,0
140,1
182,0
255,0
209,1
267,1
335,1
212,0
257,0
319,1
42,0
396,1
386,1
667,1
295,0
156,0
229,1
398,1
273,1
276,1
346,1
183,0
214,0
229,1
480,1
294,1
173,0
411,1
250,1
184,0
968,1
14,0
202,0
414,1
449,1
230,0
967,1
220,0
312,0
131,0
344,1
483,1
474,1
119,0
582,0
1185,0
341,1
116,0
464,1
15,0
25,0
23,0
9,0
410,0
398,1
305,0
210,1
375,1
101,0
123,0
562,1
220,1
167,0
273,0
537,1
154,0
452,1
567,1
796,1
194,0
236,0
262,1
248,1
289,0
200,0
250,1
256,0
305,1
195,1
363,1
178,1
35,0
617,1
475,1
317,1
88,0
311,1
316,0
309,1
337,1
360,1
256,1
538,0
151,0
577,1
272,1
18,0
413,1
334,1
91,0
603,1
355,1
817,1
133,0
247,1
203,0
276,1
604,1
897,1
287,1
86,0
343,0
87,1
71,0
268,1
185,0
219,1
367,1
346,1
957,1
415,1
252,1
178,0
250,0
361,1
552,1
390,1
951,1
250,1
210,0
198,1
392,1
561,0
392,0
261,0
815,1
129,0
184,0
745,1
136,0
316,1
486,1
44,0
377,0
106,0
7,0
268,1
806,1
237,0
73,0
12,0
457,1
222,0
84,0
484,1
207,1
253,1
1148,1
128,0
268,1
173,1
230,1
187,1
568,1
212,1
173,1
204,1
146,0
192,0
296,0
178,1
174,0
175,0
165,1
7,0
355,1
7,0
5,0
288,0
1008,1
104,0
316,1
338,0
143,1
314,1
5,0
355,1
115,0
942,1
355,1
1193,1
368,1
138,1
321,1
248,1
23,0
24,0
174,1
860,1
427,0
171,0
608,1
351,1
366,1
350,1
125,0
192,1
513,1
251,1
196,1
396,1
110,0
275,1
284,1
183,1
7,0
7,0
84,0
4,0
9,0
768,0
546,1
414,1
109,0
607,1
666,1
527,1
206,0
267,1
606,1
9,0
5,0
5,0
139,0
167,0
287,1
218,1
235,0
496,1
340,1
106,0
429,1
844,1
471,1
817,1
211,0
115,1
462,1
129,0
388,1
588,1
95,0
301,1
331,0
169,1
332,1
349,1
386,1
200,1
396,1
117,0
426,1
268,1
519,1
270,1
417,1
99,0
90,0
700,1
221,0
76,0
269,0
292,1
304,1
9,0
230,1
367,1
240,0
1005,1
156,0
955,1
273,0
160,0
428,0
132,0
159,0
87,0
397,0
1013,0
300,0
155,0
196,1
868,1
25,0
90,0
100,0
245,0
209,0
317,1
341,1
486,0
135,0
308,0
109,0
141,0
428,1
226,0
258,0
249,1
224,0
482,1
481,1
187,1
261,1
279,1
113,1
326,0
172,0
654,1
676,1
592,1
263,1
771,1
288,1
453,0
182,1
560,1
651,1
178,1
250,1
288,1
180,1
156,0
198,1
139,1
199,0
253,1
261,0
296,1
153,0
250,1
111,0
561,1
118,1
470,1
191,1
297,0
153,1
293,1
510,0
231,1
329,0
508,1
382,0
203,1
544,1
224,0
272,1
172,1
492,0
250,0
374,1
306,1
318,1
375,1
324,1
200,0
736,1
134,0
633,1
245,1
163,0
98,0
215,1
323,1
270,0
303,1
137,0
47,0
258,1
562,1
218,1
178,1
174,1
160,1
252,0
366,1
177,1
101,0
744,1
245,1
239,1
6,0
148,0
6,0
370,0
440,0
145,0
362,1
182,0
195,0
361,0
265,1
324,1
1087,1
242,1
97,1
11,0
273,0
245,1
188,0
412,1
447,1
1064,1
192,0
372,1
122,0
261,1
168,0
365,0
164,1
356,1
6,0
317,1
244,1
170,0
1363,1
61,0
425,1
233,1
237,1
144,0
370,1
248,1
443,0
765,1
222,1
176,0
345,1
295,1
192,0
350,1
176,0
175,1
411,1
361,1
1226,1
504,1
312,1
187,0
265,1
126,0
18,0
201,1
157,0
261,1
461,1
222,1
633,1
308,1
183,0
394,1
177,1
75,0
166,0
161,0
9,0
211,1
12,0
318,1
143,0
140,0
239,1
205,1
111,0
200,0
2035,1
265,1
8,0
6,0
326,1
95,0
171,0
212,0
173,0
45,0
107,0
22,0
6,0
4,0
5,0
10,0
220,0
11,0
5,0
26,0
6,0
5,0
17,0
4,0
3785,0
26,0
28,0
36,0
193,0
343,1
1120,1
253,1
241,0
185,1
443,1
634,1
34,0
298,0
27,0
415,1
222,1
1,0
161,0
840,1
269,1
729,1
300,1
222,0
481,1
222,0
193,1
327,1
191,0
663,0
265,1
380,0
691,0
95,0
367,0
150,0
369,1
293,1
532,1
425,0
232,0
20,0
8,0
7,0
10,0
4,0
281,0
1440,1
291,1
529,1
128,0
173,0
362,1
114,0
97,0
238,0
154,0
799,1
404,1
150,1
206,0
270,1
116,0
110,0
277,1
251,0
240,0
252,1
120,0
789,0
126,0
228,0
490,0
219,1
543,0
841,1
387,0
131,0
109,0
194,1
369,1
36,0
255,1
145,0
127,0
198,0
11,0
136,0
113,0
415,1
908,1
250,1
35,0
125,0
213,0
8,0
164,0
202,0
791,0
272,0
667,0
728,1
314,1
11,0
127,0
1394,1
386,1
190,1
337,1
179,0
355,0
201,1
120,0
332,0
288,1
638,1
210,1
213,0
149,0
220,1
127,0
210,0
630,1
830,1
708,1
9,0
358,1
606,1
1081,1
9,0
378,0
284,1
405,0
216,1
261,1
1405,1
679,1
404,1
530,1
430,1
202,1
156,0
209,1
761,0
263,0
305,1
204,1
167,1
386,1
268,1
1,0
1042,1
110,0
211,1
255,1
256,1
5,0
69,0
175,0
303,0
258,0
157,0
218,1
502,0
273,1
81,0
363,1
5,0
5,0
10,0
13,0
57,0
473,1
275,0
9,0
5,0
706,0
333,1
358,1
279,1
221,1
211,1
6,0
409,1
230,1
194,1
404,1
380,0
808,1
407,0
340,1
251,1
506,1
1640,1
396,1
331,1
161,0
316,1
200,1
953,1
173,0
511,1
110,0
216,1
213,1
214,0
7,0
161,1
251,0
173,1
225,1
143,1
574,1
228,0
193,1
463,1
270,1
303,1
319,1
190,1
234,0
414,1
452,1
79,0
147,0
954,1
327,1
1334,1
152,0
294,1
285,1
374,1
164,1
328,1
284,1
155,0
231,1
336,1
185,1
9,0
6,0
84,0
263,1
175,1
208,1
397,1
569,1
155,1
183,1
182,1
396,1
718,0
62,0
155,0
318,0
744,1
261,0
180,0
333,0
84,0
337,1
209,1
409,1
145,0
156,1
103,0
244,1
317,0
272,1
447,0
112,0
390,0
217,0
405,0
150,0
245,0
272,1
134,0
133,0
173,1
157,0
349,0
232,1
224,1
246,0
249,1
395,1
732,1
618,0
19,0
6,0
262,1
157,0
188,1
169,0
132,0
290,0
156,0
379,0
1616,0
162,0
1298,1
315,1
990,0
6,0
104,0
237,0
282,1
600,1
13,0
21,0
242,0
110,0
201,0
232,1
245,1
211,0
678,1
845,1
197,0
131,0
142,0
143,0
164,0
278,0
161,0
5,0
9,0
10,0
311,1
486,1
649,1
808,1
608,1
261,0
275,1
48,0
391,1
229,1
541,0
218,1
691,0
1020,0
1246,1
604,0
197,0
138,0
236,1
116,0
122,0
118,0
73,0
194,1
146,0
319,1
437,1
512,0
282,0
272,0
309,0
375,0
251,1
135,0
369,1
363,1
133,0
401,1
317,0
162,0
291,0
450,1
195,0
278,1
123,0
110,0
252,1
165,1
485,0
160,0
251,0
79,0
4,0
34,0
383,1
185,0
146,0
137,0
4,0
54,0
114,0
203,1
362,1
187,1
166,0
242,0
253,1
323,1
143,0
250,0
146,0
209,1
130,0
5,0
169,1
216,1
190,1
194,1
6,0
252,1
357,0
133,0
119,0
99,0
192,0
585,1
326,1
235,0
491,1
246,1
317,0
301,1
174,0
322,0
509,1
219,0
786,0
72,0
181,0
158,0
212,0
6,0
187,1
106,0
1176,1
130,0
209,0
567,1
333,0
310,1
464,1
509,1
252,1
170,0
526,1
222,1
180,0
102,0
95,0
767,1
138,0
338,0
159,0
133,0
192,1
218,0
337,1
898,1
178,1
268,0
621,1
7,0
5,0
238,0
487,1
139,0
316,0
150,1
411,1
235,0
453,1
178,1
262,0
1032,1
759,1
549,1
201,0
330,1
212,1
256,0
339,1
738,1
394,1
716,1
234,1
168,0
380,1
84,0
142,0
554,1
344,1
608,1
92,0
83,0
225,1
189,0
304,1
400,1
182,1
253,1
254,0
324,0
226,1
297,1
215,1
129,0
211,1
293,0
318,1
196,0
604,1
238,1
17,0
701,1
711,1
223,0
882,1
409,0
508,1
184,1
170,0
255,1
258,1
71,0
18,0
188,1
176,0
159,1
240,0
360,1
119,0
230,0
207,0
120,0
137,0
507,0
106,0
148,0
212,0
141,0
742,1
449,1
282,1
354,0
326,0
283,0
301,0
467,1
600,0
334,1
137,0
111,0
394,1
301,1
212,0
228,0
404,1
164,0
182,0
98,0
223,0
134,0
289,1
357,1
482,1
413,1
319,0
414,0
199,0
191,0
74,0
128,0
78,0
138,0
200,1
173,0
173,0
206,1
787,1
262,1
238,1
449,1
162,0
330,1
333,0
1166,0
985,1
1556,1
226,1
224,1
300,1
386,1
456,1
508,0
260,1
193,0
597,1
97,0
244,1
222,0
200,0
419,0
344,1
202,0
237,1
315,1
741,1
127,0
92,0
528,1
252,1
712,1
397,1
324,0
371,0
526,1
112,0
655,1
185,0
152,0
545,1
159,0
363,1
514,1
843,1
510,0
347,0
385,1
1868,1
403,1
651,1
236,0
144,0
154,0
293,0
112,1
353,1
329,1
208,1
180,0
360,0
124,0
483,1
151,0
254,0
281,1
112,0
334,1
383,0
189,0
442,1
239,0
